0,第二次买了，建议再优惠点！
1,洗了头皮会发痒，不确定真假
2,宝贝收到了，十分的喜欢，棒棒哒---?
3,给朋友订的，挺好的，我一直在用
4,好用正品好评
5,还没用  但是感觉挺超值的
6,很实惠的感觉！东西还没用！
7,很好，很香，很划算。
8,差评，包装旧的很不知道是不是退回来的
9,香味很纯正，很好，一直是我信赖的洗发水，谢谢卖家送我一瓶护发素。
10,很好 味道很好闻
11,正品用了挺好
12,包装很不好，用起来很稀，不像真的，跟客服联系，客服说洗头要每次要洗两次头一次听见这样的解释，无法理解，也无法给好评
13,感觉活动一次次一次贵。最初买的才88两大瓶750的
14,还不错吧，我还以为是大瓶装的，哎~
15,物流很快，第二天就寄到了，很划算，送的吹风机
16,喜欢这个香味，感觉挺满意的。
17,好东西，迫不及待的想要用啦！
18,还不错吧？自己没用，是寄回去的。
19,两套（500毫升洗发露加200毫升润发乳）加五小瓶润发乳
20,差差差，说好的存钱罐寄过来变成了一个摆件，问卖家说是随机的，我就呵呵了，当时为什么不说清楚，摆明就是欺骗消费者，我就呵呵了，就是一骗子
21,很好用，礼品也不错，很满意的一次购物
22,发货速度真快，?，还有很多赠品，谢谢了
23,价格很合适 性价比高
24,应该是正品吧？还行。
25,还不错，只是送的熊被我不小心弄坏了
26,感觉好超赞 正品
27,挺好用的，已经第二次买，下次还来
28,一直用沙宣，这次活动力度大！
29,假的 味道都不一样
30,家庭装。特别实惠
31,超值的洗护系列～卖家还赠送一个维尼摆件很可爱
32,味道不太好闻。但是送的赠品挺多的！好评
33,特别满意的一次购物
34,非常不错的一次购物
35,物流很给力，包装上没那么精致，上面都有划痕！
36,还可以吧，期待正品
37,之前有点小意外，多谢马塞尔耐心解释，现在问题都解释清楚了，下次还会光临，全五星。
38,不错哦。质量挺好的
39,二次购买了，应该是正品吧，
40,差差差，说好的存钱罐寄过来变成了一个摆件，问卖家说是随机的，我就呵呵了，当时为什么不说清楚，摆明就是欺骗消费者，我就呵呵了，就是一骗子
41,很好用，礼品也不错，很满意的一次购物
42,发货速度真快，?，还有很多赠品，谢谢了
43,价格很合适 性价比高
44,应该是正品吧？还行。
45,还不错，只是送的熊被我不小心弄坏了
46,感觉好超赞 正品
47,挺好用的，已经第二次买，下次还来
48,一直用沙宣，这次活动力度大！
49,假的 味道都不一样
50,家庭装。特别实惠
51,超值的洗护系列～卖家还赠送一个维尼摆件很可爱
52,味道不太好闻。但是送的赠品挺多的！好评
53,特别满意的一次购物
54,非常不错的一次购物
55,物流很给力，包装上没那么精致，上面都有划痕！
56,还可以吧，期待正品
57,之前有点小意外，多谢马塞尔耐心解释，现在问题都解释清楚了，下次还会光临，全五星。
58,不错哦。质量挺好的
59,二次购买了，应该是正品吧，
60,差差差，说好的存钱罐寄过来变成了一个摆件，问卖家说是随机的，我就呵呵了，当时为什么不说清楚，摆明就是欺骗消费者，我就呵呵了，就是一骗子
61,很好用，礼品也不错，很满意的一次购物
62,发货速度真快，?，还有很多赠品，谢谢了
63,价格很合适 性价比高
64,应该是正品吧？还行。
65,还不错，只是送的熊被我不小心弄坏了
66,感觉好超赞 正品
67,挺好用的，已经第二次买，下次还来
68,一直用沙宣，这次活动力度大！
69,假的 味道都不一样
70,家庭装。特别实惠
71,超值的洗护系列～卖家还赠送一个维尼摆件很可爱
72,味道不太好闻。但是送的赠品挺多的！好评
73,特别满意的一次购物
74,非常不错的一次购物
75,物流很给力，包装上没那么精致，上面都有划痕！
76,还可以吧，期待正品
77,之前有点小意外，多谢马塞尔耐心解释，现在问题都解释清楚了，下次还会光临，全五星。
78,不错哦。质量挺好的
79,二次购买了，应该是正品吧，
80,差差差，说好的存钱罐寄过来变成了一个摆件，问卖家说是随机的，我就呵呵了，当时为什么不说清楚，摆明就是欺骗消费者，我就呵呵了，就是一骗子
81,很好用，礼品也不错，很满意的一次购物
82,发货速度真快，?，还有很多赠品，谢谢了
83,价格很合适 性价比高
84,应该是正品吧？还行。
85,还不错，只是送的熊被我不小心弄坏了
86,感觉好超赞 正品
87,挺好用的，已经第二次买，下次还来
88,一直用沙宣，这次活动力度大！
89,假的 味道都不一样
90,家庭装。特别实惠
91,超值的洗护系列～卖家还赠送一个维尼摆件很可爱
92,味道不太好闻。但是送的赠品挺多的！好评
93,特别满意的一次购物
94,非常不错的一次购物
95,物流很给力，包装上没那么精致，上面都有划痕！
96,还可以吧，期待正品
97,之前有点小意外，多谢马塞尔耐心解释，现在问题都解释清楚了，下次还会光临，全五星。
98,不错哦。质量挺好的
99,二次购买了，应该是正品吧，
100,差差差，说好的存钱罐寄过来变成了一个摆件，问卖家说是随机的，我就呵呵了，当时为什么不说清楚，摆明就是欺骗消费者，我就呵呵了，就是一骗子
101,很好用，礼品也不错，很满意的一次购物
102,发货速度真快，?，还有很多赠品，谢谢了
103,价格很合适 性价比高
104,应该是正品吧？还行。
105,还不错，只是送的熊被我不小心弄坏了
106,感觉好超赞 正品
107,挺好用的，已经第二次买，下次还来
108,一直用沙宣，这次活动力度大！
109,假的 味道都不一样
110,家庭装。特别实惠
111,超值的洗护系列～卖家还赠送一个维尼摆件很可爱
112,味道不太好闻。但是送的赠品挺多的！好评
113,特别满意的一次购物
114,非常不错的一次购物
115,物流很给力，包装上没那么精致，上面都有划痕！
116,还可以吧，期待正品
117,之前有点小意外，多谢马塞尔耐心解释，现在问题都解释清楚了，下次还会光临，全五星。
118,不错哦。质量挺好的
119,二次购买了，应该是正品吧，
120,差差差，说好的存钱罐寄过来变成了一个摆件，问卖家说是随机的，我就呵呵了，当时为什么不说清楚，摆明就是欺骗消费者，我就呵呵了，就是一骗子
121,很好用，礼品也不错，很满意的一次购物
122,发货速度真快，?，还有很多赠品，谢谢了
123,价格很合适 性价比高
124,应该是正品吧？还行。
125,还不错，只是送的熊被我不小心弄坏了
126,感觉好超赞 正品
127,挺好用的，已经第二次买，下次还来
128,一直用沙宣，这次活动力度大！
129,假的 味道都不一样
130,家庭装。特别实惠
131,超值的洗护系列～卖家还赠送一个维尼摆件很可爱
132,味道不太好闻。但是送的赠品挺多的！好评
133,特别满意的一次购物
134,非常不错的一次购物
135,物流很给力，包装上没那么精致，上面都有划痕！
136,还可以吧，期待正品
137,之前有点小意外，多谢马塞尔耐心解释，现在问题都解释清楚了，下次还会光临，全五星。
138,不错哦。质量挺好的
139,二次购买了，应该是正品吧，
140,差差差，说好的存钱罐寄过来变成了一个摆件，问卖家说是随机的，我就呵呵了，当时为什么不说清楚，摆明就是欺骗消费者，我就呵呵了，就是一骗子
141,很好用，礼品也不错，很满意的一次购物
142,发货速度真快，?，还有很多赠品，谢谢了
143,价格很合适 性价比高
144,应该是正品吧？还行。
145,还不错，只是送的熊被我不小心弄坏了
146,感觉好超赞 正品
147,挺好用的，已经第二次买，下次还来
148,一直用沙宣，这次活动力度大！
149,假的 味道都不一样
150,家庭装。特别实惠
151,超值的洗护系列～卖家还赠送一个维尼摆件很可爱
152,味道不太好闻。但是送的赠品挺多的！好评
153,特别满意的一次购物
154,非常不错的一次购物
155,物流很给力，包装上没那么精致，上面都有划痕！
156,还可以吧，期待正品
157,之前有点小意外，多谢马塞尔耐心解释，现在问题都解释清楚了，下次还会光临，全五星。
158,不错哦。质量挺好的
159,二次购买了，应该是正品吧，
160,差差差，说好的存钱罐寄过来变成了一个摆件，问卖家说是随机的，我就呵呵了，当时为什么不说清楚，摆明就是欺骗消费者，我就呵呵了，就是一骗子
161,很好用，礼品也不错，很满意的一次购物
162,发货速度真快，?，还有很多赠品，谢谢了
163,价格很合适 性价比高
164,应该是正品吧？还行。
165,还不错，只是送的熊被我不小心弄坏了
166,感觉好超赞 正品
167,挺好用的，已经第二次买，下次还来
168,一直用沙宣，这次活动力度大！
169,假的 味道都不一样
170,家庭装。特别实惠
171,超值的洗护系列～卖家还赠送一个维尼摆件很可爱
172,味道不太好闻。但是送的赠品挺多的！好评
173,特别满意的一次购物
174,非常不错的一次购物
175,物流很给力，包装上没那么精致，上面都有划痕！
176,还可以吧，期待正品
177,之前有点小意外，多谢马塞尔耐心解释，现在问题都解释清楚了，下次还会光临，全五星。
178,不错哦。质量挺好的
179,二次购买了，应该是正品吧，
180,差差差，说好的存钱罐寄过来变成了一个摆件，问卖家说是随机的，我就呵呵了，当时为什么不说清楚，摆明就是欺骗消费者，我就呵呵了，就是一骗子
181,很好用，礼品也不错，很满意的一次购物
182,发货速度真快，?，还有很多赠品，谢谢了
183,价格很合适 性价比高
184,应该是正品吧？还行。
185,还不错，只是送的熊被我不小心弄坏了
186,感觉好超赞 正品
187,挺好用的，已经第二次买，下次还来
188,一直用沙宣，这次活动力度大！
189,假的 味道都不一样
190,家庭装。特别实惠
191,超值的洗护系列～卖家还赠送一个维尼摆件很可爱
192,味道不太好闻。但是送的赠品挺多的！好评
193,特别满意的一次购物
194,非常不错的一次购物
195,物流很给力，包装上没那么精致，上面都有划痕！
196,还可以吧，期待正品
197,之前有点小意外，多谢马塞尔耐心解释，现在问题都解释清楚了，下次还会光临，全五星。
198,不错哦。质量挺好的
199,二次购买了，应该是正品吧，
200,差差差，说好的存钱罐寄过来变成了一个摆件，问卖家说是随机的，我就呵呵了，当时为什么不说清楚，摆明就是欺骗消费者，我就呵呵了，就是一骗子
201,很好用，礼品也不错，很满意的一次购物
202,发货速度真快，?，还有很多赠品，谢谢了
203,价格很合适 性价比高
204,应该是正品吧？还行。
205,还不错，只是送的熊被我不小心弄坏了
206,感觉好超赞 正品
207,挺好用的，已经第二次买，下次还来
208,一直用沙宣，这次活动力度大！
209,假的 味道都不一样
210,家庭装。特别实惠
211,超值的洗护系列～卖家还赠送一个维尼摆件很可爱
212,味道不太好闻。但是送的赠品挺多的！好评
213,特别满意的一次购物
214,非常不错的一次购物
215,物流很给力，包装上没那么精致，上面都有划痕！
216,还可以吧，期待正品
217,之前有点小意外，多谢马塞尔耐心解释，现在问题都解释清楚了，下次还会光临，全五星。
218,不错哦。质量挺好的
219,二次购买了，应该是正品吧，
220,差差差，说好的存钱罐寄过来变成了一个摆件，问卖家说是随机的，我就呵呵了，当时为什么不说清楚，摆明就是欺骗消费者，我就呵呵了，就是一骗子
221,很好用，礼品也不错，很满意的一次购物
222,发货速度真快，?，还有很多赠品，谢谢了
223,价格很合适 性价比高
224,应该是正品吧？还行。
225,还不错，只是送的熊被我不小心弄坏了
226,感觉好超赞 正品
227,挺好用的，已经第二次买，下次还来
228,一直用沙宣，这次活动力度大！
229,假的 味道都不一样
230,家庭装。特别实惠
231,超值的洗护系列～卖家还赠送一个维尼摆件很可爱
232,味道不太好闻。但是送的赠品挺多的！好评
233,特别满意的一次购物
234,非常不错的一次购物
235,物流很给力，包装上没那么精致，上面都有划痕！
236,还可以吧，期待正品
237,之前有点小意外，多谢马塞尔耐心解释，现在问题都解释清楚了，下次还会光临，全五星。
238,不错哦。质量挺好的
239,二次购买了，应该是正品吧，
240,差差差，说好的存钱罐寄过来变成了一个摆件，问卖家说是随机的，我就呵呵了，当时为什么不说清楚，摆明就是欺骗消费者，我就呵呵了，就是一骗子
241,很好用，礼品也不错，很满意的一次购物
242,发货速度真快，?，还有很多赠品，谢谢了
243,价格很合适 性价比高
244,应该是正品吧？还行。
245,还不错，只是送的熊被我不小心弄坏了
246,感觉好超赞 正品
247,挺好用的，已经第二次买，下次还来
248,一直用沙宣，这次活动力度大！
249,假的 味道都不一样
250,家庭装。特别实惠
251,超值的洗护系列～卖家还赠送一个维尼摆件很可爱
252,味道不太好闻。但是送的赠品挺多的！好评
253,特别满意的一次购物
254,非常不错的一次购物
255,物流很给力，包装上没那么精致，上面都有划痕！
256,还可以吧，期待正品
257,之前有点小意外，多谢马塞尔耐心解释，现在问题都解释清楚了，下次还会光临，全五星。
258,不错哦。质量挺好的
259,二次购买了，应该是正品吧，
260,差差差，说好的存钱罐寄过来变成了一个摆件，问卖家说是随机的，我就呵呵了，当时为什么不说清楚，摆明就是欺骗消费者，我就呵呵了，就是一骗子
261,很好用，礼品也不错，很满意的一次购物
262,发货速度真快，?，还有很多赠品，谢谢了
263,价格很合适 性价比高
264,应该是正品吧？还行。
265,还不错，只是送的熊被我不小心弄坏了
266,感觉好超赞 正品
267,挺好用的，已经第二次买，下次还来
268,一直用沙宣，这次活动力度大！
269,假的 味道都不一样
270,家庭装。特别实惠
271,超值的洗护系列～卖家还赠送一个维尼摆件很可爱
272,味道不太好闻。但是送的赠品挺多的！好评
273,特别满意的一次购物
274,非常不错的一次购物
275,物流很给力，包装上没那么精致，上面都有划痕！
276,还可以吧，期待正品
277,之前有点小意外，多谢马塞尔耐心解释，现在问题都解释清楚了，下次还会光临，全五星。
278,不错哦。质量挺好的
279,二次购买了，应该是正品吧，
280,差差差，说好的存钱罐寄过来变成了一个摆件，问卖家说是随机的，我就呵呵了，当时为什么不说清楚，摆明就是欺骗消费者，我就呵呵了，就是一骗子
281,很好用，礼品也不错，很满意的一次购物
282,发货速度真快，?，还有很多赠品，谢谢了
283,价格很合适 性价比高
284,应该是正品吧？还行。
285,还不错，只是送的熊被我不小心弄坏了
286,感觉好超赞 正品
287,挺好用的，已经第二次买，下次还来
288,一直用沙宣，这次活动力度大！
289,假的 味道都不一样
290,家庭装。特别实惠
291,超值的洗护系列～卖家还赠送一个维尼摆件很可爱
292,味道不太好闻。但是送的赠品挺多的！好评
293,特别满意的一次购物
294,非常不错的一次购物
295,物流很给力，包装上没那么精致，上面都有划痕！
296,还可以吧，期待正品
297,之前有点小意外，多谢马塞尔耐心解释，现在问题都解释清楚了，下次还会光临，全五星。
298,不错哦。质量挺好的
299,二次购买了，应该是正品吧，
300,差差差，说好的存钱罐寄过来变成了一个摆件，问卖家说是随机的，我就呵呵了，当时为什么不说清楚，摆明就是欺骗消费者，我就呵呵了，就是一骗子
301,很好用，礼品也不错，很满意的一次购物
302,发货速度真快，?，还有很多赠品，谢谢了
303,价格很合适 性价比高
304,应该是正品吧？还行。
305,还不错，只是送的熊被我不小心弄坏了
306,感觉好超赞 正品
307,挺好用的，已经第二次买，下次还来
308,一直用沙宣，这次活动力度大！
309,假的 味道都不一样
310,家庭装。特别实惠
311,超值的洗护系列～卖家还赠送一个维尼摆件很可爱
312,味道不太好闻。但是送的赠品挺多的！好评
313,特别满意的一次购物
314,非常不错的一次购物
315,物流很给力，包装上没那么精致，上面都有划痕！
316,还可以吧，期待正品
317,之前有点小意外，多谢马塞尔耐心解释，现在问题都解释清楚了，下次还会光临，全五星。
318,不错哦。质量挺好的
319,二次购买了，应该是正品吧，
320,差差差，说好的存钱罐寄过来变成了一个摆件，问卖家说是随机的，我就呵呵了，当时为什么不说清楚，摆明就是欺骗消费者，我就呵呵了，就是一骗子
321,很好用，礼品也不错，很满意的一次购物
322,发货速度真快，?，还有很多赠品，谢谢了
323,价格很合适 性价比高
324,应该是正品吧？还行。
325,还不错，只是送的熊被我不小心弄坏了
326,感觉好超赞 正品
327,挺好用的，已经第二次买，下次还来
328,一直用沙宣，这次活动力度大！
329,假的 味道都不一样
330,家庭装。特别实惠
331,超值的洗护系列～卖家还赠送一个维尼摆件很可爱
332,味道不太好闻。但是送的赠品挺多的！好评
333,特别满意的一次购物
334,非常不错的一次购物
335,物流很给力，包装上没那么精致，上面都有划痕！
336,还可以吧，期待正品
337,之前有点小意外，多谢马塞尔耐心解释，现在问题都解释清楚了，下次还会光临，全五星。
338,不错哦。质量挺好的
339,二次购买了，应该是正品吧，
340,差差差，说好的存钱罐寄过来变成了一个摆件，问卖家说是随机的，我就呵呵了，当时为什么不说清楚，摆明就是欺骗消费者，我就呵呵了，就是一骗子
341,很好用，礼品也不错，很满意的一次购物
342,发货速度真快，?，还有很多赠品，谢谢了
343,价格很合适 性价比高
344,应该是正品吧？还行。
345,还不错，只是送的熊被我不小心弄坏了
346,感觉好超赞 正品
347,挺好用的，已经第二次买，下次还来
348,一直用沙宣，这次活动力度大！
349,假的 味道都不一样
350,家庭装。特别实惠
351,超值的洗护系列～卖家还赠送一个维尼摆件很可爱
352,味道不太好闻。但是送的赠品挺多的！好评
353,特别满意的一次购物
354,非常不错的一次购物
355,物流很给力，包装上没那么精致，上面都有划痕！
356,还可以吧，期待正品
357,之前有点小意外，多谢马塞尔耐心解释，现在问题都解释清楚了，下次还会光临，全五星。
358,不错哦。质量挺好的
359,二次购买了，应该是正品吧，
360,差差差，说好的存钱罐寄过来变成了一个摆件，问卖家说是随机的，我就呵呵了，当时为什么不说清楚，摆明就是欺骗消费者，我就呵呵了，就是一骗子
361,很好用，礼品也不错，很满意的一次购物
362,发货速度真快，?，还有很多赠品，谢谢了
363,价格很合适 性价比高
364,应该是正品吧？还行。
365,还不错，只是送的熊被我不小心弄坏了
366,感觉好超赞 正品
367,挺好用的，已经第二次买，下次还来
368,一直用沙宣，这次活动力度大！
369,假的 味道都不一样
370,家庭装。特别实惠
371,超值的洗护系列～卖家还赠送一个维尼摆件很可爱
372,味道不太好闻。但是送的赠品挺多的！好评
373,特别满意的一次购物
374,非常不错的一次购物
375,物流很给力，包装上没那么精致，上面都有划痕！
376,还可以吧，期待正品
377,之前有点小意外，多谢马塞尔耐心解释，现在问题都解释清楚了，下次还会光临，全五星。
378,不错哦。质量挺好的
379,二次购买了，应该是正品吧，
380,第二次买了，建议再优惠点！
381,洗了头皮会发痒，不确定真假
382,宝贝收到了，十分的喜欢，棒棒哒---?
383,给朋友订的，挺好的，我一直在用
384,好用正品好评
385,还没用  但是感觉挺超值的
386,很实惠的感觉！东西还没用！
387,很好，很香，很划算。
388,差评，包装旧的很不知道是不是退回来的
389,香味很纯正，很好，一直是我信赖的洗发水，谢谢卖家送我一瓶护发素。
390,很好 味道很好闻
391,正品用了挺好
392,包装很不好，用起来很稀，不像真的，跟客服联系，客服说洗头要每次要洗两次头一次听见这样的解释，无法理解，也无法给好评
393,感觉活动一次次一次贵。最初买的才88两大瓶750的
394,还不错吧，我还以为是大瓶装的，哎~
395,物流很快，第二天就寄到了，很划算，送的吹风机
396,喜欢这个香味，感觉挺满意的。
397,好东西，迫不及待的想要用啦！
398,还不错吧？自己没用，是寄回去的。
399,两套（500毫升洗发露加200毫升润发乳）加五小瓶润发乳
400,差差差，说好的存钱罐寄过来变成了一个摆件，问卖家说是随机的，我就呵呵了，当时为什么不说清楚，摆明就是欺骗消费者，我就呵呵了，就是一骗子
401,很好用，礼品也不错，很满意的一次购物
402,发货速度真快，?，还有很多赠品，谢谢了
403,价格很合适 性价比高
404,应该是正品吧？还行。
405,还不错，只是送的熊被我不小心弄坏了
406,感觉好超赞 正品
407,挺好用的，已经第二次买，下次还来
408,一直用沙宣，这次活动力度大！
409,假的 味道都不一样
410,家庭装。特别实惠
411,超值的洗护系列～卖家还赠送一个维尼摆件很可爱
412,味道不太好闻。但是送的赠品挺多的！好评
413,特别满意的一次购物
414,非常不错的一次购物
415,物流很给力，包装上没那么精致，上面都有划痕！
416,还可以吧，期待正品
417,之前有点小意外，多谢马塞尔耐心解释，现在问题都解释清楚了，下次还会光临，全五星。
418,不错哦。质量挺好的
419,二次购买了，应该是正品吧，
420,差差差，说好的存钱罐寄过来变成了一个摆件，问卖家说是随机的，我就呵呵了，当时为什么不说清楚，摆明就是欺骗消费者，我就呵呵了，就是一骗子
421,很好用，礼品也不错，很满意的一次购物
422,发货速度真快，?，还有很多赠品，谢谢了
423,价格很合适 性价比高
424,应该是正品吧？还行。
425,还不错，只是送的熊被我不小心弄坏了
426,感觉好超赞 正品
427,挺好用的，已经第二次买，下次还来
428,一直用沙宣，这次活动力度大！
429,假的 味道都不一样
430,家庭装。特别实惠
431,超值的洗护系列～卖家还赠送一个维尼摆件很可爱
432,味道不太好闻。但是送的赠品挺多的！好评
433,特别满意的一次购物
434,非常不错的一次购物
435,物流很给力，包装上没那么精致，上面都有划痕！
436,还可以吧，期待正品
437,之前有点小意外，多谢马塞尔耐心解释，现在问题都解释清楚了，下次还会光临，全五星。
438,不错哦。质量挺好的
439,二次购买了，应该是正品吧，
440,差差差，说好的存钱罐寄过来变成了一个摆件，问卖家说是随机的，我就呵呵了，当时为什么不说清楚，摆明就是欺骗消费者，我就呵呵了，就是一骗子
441,很好用，礼品也不错，很满意的一次购物
442,发货速度真快，?，还有很多赠品，谢谢了
443,价格很合适 性价比高
444,应该是正品吧？还行。
445,还不错，只是送的熊被我不小心弄坏了
446,感觉好超赞 正品
447,挺好用的，已经第二次买，下次还来
448,一直用沙宣，这次活动力度大！
449,假的 味道都不一样
450,家庭装。特别实惠
451,超值的洗护系列～卖家还赠送一个维尼摆件很可爱
452,味道不太好闻。但是送的赠品挺多的！好评
453,特别满意的一次购物
454,非常不错的一次购物
455,物流很给力，包装上没那么精致，上面都有划痕！
456,还可以吧，期待正品
457,之前有点小意外，多谢马塞尔耐心解释，现在问题都解释清楚了，下次还会光临，全五星。
458,不错哦。质量挺好的
459,二次购买了，应该是正品吧，
460,差差差，说好的存钱罐寄过来变成了一个摆件，问卖家说是随机的，我就呵呵了，当时为什么不说清楚，摆明就是欺骗消费者，我就呵呵了，就是一骗子
461,很好用，礼品也不错，很满意的一次购物
462,发货速度真快，?，还有很多赠品，谢谢了
463,价格很合适 性价比高
464,应该是正品吧？还行。
465,还不错，只是送的熊被我不小心弄坏了
466,感觉好超赞 正品
467,挺好用的，已经第二次买，下次还来
468,一直用沙宣，这次活动力度大！
469,假的 味道都不一样
470,家庭装。特别实惠
471,超值的洗护系列～卖家还赠送一个维尼摆件很可爱
472,味道不太好闻。但是送的赠品挺多的！好评
473,特别满意的一次购物
474,非常不错的一次购物
475,物流很给力，包装上没那么精致，上面都有划痕！
476,还可以吧，期待正品
477,之前有点小意外，多谢马塞尔耐心解释，现在问题都解释清楚了，下次还会光临，全五星。
478,不错哦。质量挺好的
479,二次购买了，应该是正品吧，
480,差差差，说好的存钱罐寄过来变成了一个摆件，问卖家说是随机的，我就呵呵了，当时为什么不说清楚，摆明就是欺骗消费者，我就呵呵了，就是一骗子
481,很好用，礼品也不错，很满意的一次购物
482,发货速度真快，?，还有很多赠品，谢谢了
483,价格很合适 性价比高
484,应该是正品吧？还行。
485,还不错，只是送的熊被我不小心弄坏了
486,感觉好超赞 正品
487,挺好用的，已经第二次买，下次还来
488,一直用沙宣，这次活动力度大！
489,假的 味道都不一样
490,家庭装。特别实惠
491,超值的洗护系列～卖家还赠送一个维尼摆件很可爱
492,味道不太好闻。但是送的赠品挺多的！好评
493,特别满意的一次购物
494,非常不错的一次购物
495,物流很给力，包装上没那么精致，上面都有划痕！
496,还可以吧，期待正品
497,之前有点小意外，多谢马塞尔耐心解释，现在问题都解释清楚了，下次还会光临，全五星。
498,不错哦。质量挺好的
499,二次购买了，应该是正品吧，
500,差差差，说好的存钱罐寄过来变成了一个摆件，问卖家说是随机的，我就呵呵了，当时为什么不说清楚，摆明就是欺骗消费者，我就呵呵了，就是一骗子
501,很好用，礼品也不错，很满意的一次购物
502,发货速度真快，?，还有很多赠品，谢谢了
503,价格很合适 性价比高
504,应该是正品吧？还行。
505,还不错，只是送的熊被我不小心弄坏了
506,感觉好超赞 正品
507,挺好用的，已经第二次买，下次还来
508,一直用沙宣，这次活动力度大！
509,假的 味道都不一样
510,家庭装。特别实惠
511,超值的洗护系列～卖家还赠送一个维尼摆件很可爱
512,味道不太好闻。但是送的赠品挺多的！好评
513,特别满意的一次购物
514,非常不错的一次购物
515,物流很给力，包装上没那么精致，上面都有划痕！
516,还可以吧，期待正品
517,之前有点小意外，多谢马塞尔耐心解释，现在问题都解释清楚了，下次还会光临，全五星。
518,不错哦。质量挺好的
519,二次购买了，应该是正品吧，
520,差差差，说好的存钱罐寄过来变成了一个摆件，问卖家说是随机的，我就呵呵了，当时为什么不说清楚，摆明就是欺骗消费者，我就呵呵了，就是一骗子
521,很好用，礼品也不错，很满意的一次购物
522,发货速度真快，?，还有很多赠品，谢谢了
523,价格很合适 性价比高
524,应该是正品吧？还行。
525,还不错，只是送的熊被我不小心弄坏了
526,感觉好超赞 正品
527,挺好用的，已经第二次买，下次还来
528,一直用沙宣，这次活动力度大！
529,假的 味道都不一样
530,家庭装。特别实惠
531,超值的洗护系列～卖家还赠送一个维尼摆件很可爱
532,味道不太好闻。但是送的赠品挺多的！好评
533,特别满意的一次购物
534,非常不错的一次购物
535,物流很给力，包装上没那么精致，上面都有划痕！
536,还可以吧，期待正品
537,之前有点小意外，多谢马塞尔耐心解释，现在问题都解释清楚了，下次还会光临，全五星。
538,不错哦。质量挺好的
539,二次购买了，应该是正品吧，
540,差差差，说好的存钱罐寄过来变成了一个摆件，问卖家说是随机的，我就呵呵了，当时为什么不说清楚，摆明就是欺骗消费者，我就呵呵了，就是一骗子
541,很好用，礼品也不错，很满意的一次购物
542,发货速度真快，?，还有很多赠品，谢谢了
543,价格很合适 性价比高
544,应该是正品吧？还行。
545,还不错，只是送的熊被我不小心弄坏了
546,感觉好超赞 正品
547,挺好用的，已经第二次买，下次还来
548,一直用沙宣，这次活动力度大！
549,假的 味道都不一样
550,家庭装。特别实惠
551,超值的洗护系列～卖家还赠送一个维尼摆件很可爱
552,味道不太好闻。但是送的赠品挺多的！好评
553,特别满意的一次购物
554,非常不错的一次购物
555,物流很给力，包装上没那么精致，上面都有划痕！
556,还可以吧，期待正品
557,之前有点小意外，多谢马塞尔耐心解释，现在问题都解释清楚了，下次还会光临，全五星。
558,不错哦。质量挺好的
559,二次购买了，应该是正品吧，
560,差差差，说好的存钱罐寄过来变成了一个摆件，问卖家说是随机的，我就呵呵了，当时为什么不说清楚，摆明就是欺骗消费者，我就呵呵了，就是一骗子
561,很好用，礼品也不错，很满意的一次购物
562,发货速度真快，?，还有很多赠品，谢谢了
563,价格很合适 性价比高
564,应该是正品吧？还行。
565,还不错，只是送的熊被我不小心弄坏了
566,感觉好超赞 正品
567,挺好用的，已经第二次买，下次还来
568,一直用沙宣，这次活动力度大！
569,假的 味道都不一样
570,家庭装。特别实惠
571,超值的洗护系列～卖家还赠送一个维尼摆件很可爱
572,味道不太好闻。但是送的赠品挺多的！好评
573,特别满意的一次购物
574,非常不错的一次购物
575,物流很给力，包装上没那么精致，上面都有划痕！
576,还可以吧，期待正品
577,之前有点小意外，多谢马塞尔耐心解释，现在问题都解释清楚了，下次还会光临，全五星。
578,不错哦。质量挺好的
579,二次购买了，应该是正品吧，
580,差差差，说好的存钱罐寄过来变成了一个摆件，问卖家说是随机的，我就呵呵了，当时为什么不说清楚，摆明就是欺骗消费者，我就呵呵了，就是一骗子
581,很好用，礼品也不错，很满意的一次购物
582,发货速度真快，?，还有很多赠品，谢谢了
583,价格很合适 性价比高
584,应该是正品吧？还行。
585,还不错，只是送的熊被我不小心弄坏了
586,感觉好超赞 正品
587,挺好用的，已经第二次买，下次还来
588,一直用沙宣，这次活动力度大！
589,假的 味道都不一样
590,家庭装。特别实惠
591,超值的洗护系列～卖家还赠送一个维尼摆件很可爱
592,味道不太好闻。但是送的赠品挺多的！好评
593,特别满意的一次购物
594,非常不错的一次购物
595,物流很给力，包装上没那么精致，上面都有划痕！
596,还可以吧，期待正品
597,之前有点小意外，多谢马塞尔耐心解释，现在问题都解释清楚了，下次还会光临，全五星。
598,不错哦。质量挺好的
599,二次购买了，应该是正品吧，
600,差差差，说好的存钱罐寄过来变成了一个摆件，问卖家说是随机的，我就呵呵了，当时为什么不说清楚，摆明就是欺骗消费者，我就呵呵了，就是一骗子
601,很好用，礼品也不错，很满意的一次购物
602,发货速度真快，?，还有很多赠品，谢谢了
603,价格很合适 性价比高
604,应该是正品吧？还行。
605,还不错，只是送的熊被我不小心弄坏了
606,感觉好超赞 正品
607,挺好用的，已经第二次买，下次还来
608,一直用沙宣，这次活动力度大！
609,假的 味道都不一样
610,家庭装。特别实惠
611,超值的洗护系列～卖家还赠送一个维尼摆件很可爱
612,味道不太好闻。但是送的赠品挺多的！好评
613,特别满意的一次购物
614,非常不错的一次购物
615,物流很给力，包装上没那么精致，上面都有划痕！
616,还可以吧，期待正品
617,之前有点小意外，多谢马塞尔耐心解释，现在问题都解释清楚了，下次还会光临，全五星。
618,不错哦。质量挺好的
619,二次购买了，应该是正品吧，
620,差差差，说好的存钱罐寄过来变成了一个摆件，问卖家说是随机的，我就呵呵了，当时为什么不说清楚，摆明就是欺骗消费者，我就呵呵了，就是一骗子
621,很好用，礼品也不错，很满意的一次购物
622,发货速度真快，?，还有很多赠品，谢谢了
623,价格很合适 性价比高
624,应该是正品吧？还行。
625,还不错，只是送的熊被我不小心弄坏了
626,感觉好超赞 正品
627,挺好用的，已经第二次买，下次还来
628,一直用沙宣，这次活动力度大！
629,假的 味道都不一样
630,家庭装。特别实惠
631,超值的洗护系列～卖家还赠送一个维尼摆件很可爱
632,味道不太好闻。但是送的赠品挺多的！好评
633,特别满意的一次购物
634,非常不错的一次购物
635,物流很给力，包装上没那么精致，上面都有划痕！
636,还可以吧，期待正品
637,之前有点小意外，多谢马塞尔耐心解释，现在问题都解释清楚了，下次还会光临，全五星。
638,不错哦。质量挺好的
639,二次购买了，应该是正品吧，
640,差差差，说好的存钱罐寄过来变成了一个摆件，问卖家说是随机的，我就呵呵了，当时为什么不说清楚，摆明就是欺骗消费者，我就呵呵了，就是一骗子
641,很好用，礼品也不错，很满意的一次购物
642,发货速度真快，?，还有很多赠品，谢谢了
643,价格很合适 性价比高
644,应该是正品吧？还行。
645,还不错，只是送的熊被我不小心弄坏了
646,感觉好超赞 正品
647,挺好用的，已经第二次买，下次还来
648,一直用沙宣，这次活动力度大！
649,假的 味道都不一样
650,家庭装。特别实惠
651,超值的洗护系列～卖家还赠送一个维尼摆件很可爱
652,味道不太好闻。但是送的赠品挺多的！好评
653,特别满意的一次购物
654,非常不错的一次购物
655,物流很给力，包装上没那么精致，上面都有划痕！
656,还可以吧，期待正品
657,之前有点小意外，多谢马塞尔耐心解释，现在问题都解释清楚了，下次还会光临，全五星。
658,不错哦。质量挺好的
659,二次购买了，应该是正品吧，
660,差差差，说好的存钱罐寄过来变成了一个摆件，问卖家说是随机的，我就呵呵了，当时为什么不说清楚，摆明就是欺骗消费者，我就呵呵了，就是一骗子
661,很好用，礼品也不错，很满意的一次购物
662,发货速度真快，?，还有很多赠品，谢谢了
663,价格很合适 性价比高
664,应该是正品吧？还行。
665,还不错，只是送的熊被我不小心弄坏了
666,感觉好超赞 正品
667,挺好用的，已经第二次买，下次还来
668,一直用沙宣，这次活动力度大！
669,假的 味道都不一样
670,家庭装。特别实惠
671,超值的洗护系列～卖家还赠送一个维尼摆件很可爱
672,味道不太好闻。但是送的赠品挺多的！好评
673,特别满意的一次购物
674,非常不错的一次购物
675,物流很给力，包装上没那么精致，上面都有划痕！
676,还可以吧，期待正品
677,之前有点小意外，多谢马塞尔耐心解释，现在问题都解释清楚了，下次还会光临，全五星。
678,不错哦。质量挺好的
679,二次购买了，应该是正品吧，
680,差差差，说好的存钱罐寄过来变成了一个摆件，问卖家说是随机的，我就呵呵了，当时为什么不说清楚，摆明就是欺骗消费者，我就呵呵了，就是一骗子
681,很好用，礼品也不错，很满意的一次购物
682,发货速度真快，?，还有很多赠品，谢谢了
683,价格很合适 性价比高
684,应该是正品吧？还行。
685,还不错，只是送的熊被我不小心弄坏了
686,感觉好超赞 正品
687,挺好用的，已经第二次买，下次还来
688,一直用沙宣，这次活动力度大！
689,假的 味道都不一样
690,家庭装。特别实惠
691,超值的洗护系列～卖家还赠送一个维尼摆件很可爱
692,味道不太好闻。但是送的赠品挺多的！好评
693,特别满意的一次购物
694,非常不错的一次购物
695,物流很给力，包装上没那么精致，上面都有划痕！
696,还可以吧，期待正品
697,之前有点小意外，多谢马塞尔耐心解释，现在问题都解释清楚了，下次还会光临，全五星。
698,不错哦。质量挺好的
699,二次购买了，应该是正品吧，
700,差差差，说好的存钱罐寄过来变成了一个摆件，问卖家说是随机的，我就呵呵了，当时为什么不说清楚，摆明就是欺骗消费者，我就呵呵了，就是一骗子
701,很好用，礼品也不错，很满意的一次购物
702,发货速度真快，?，还有很多赠品，谢谢了
703,价格很合适 性价比高
704,应该是正品吧？还行。
705,还不错，只是送的熊被我不小心弄坏了
706,感觉好超赞 正品
707,挺好用的，已经第二次买，下次还来
708,一直用沙宣，这次活动力度大！
709,假的 味道都不一样
710,家庭装。特别实惠
711,超值的洗护系列～卖家还赠送一个维尼摆件很可爱
712,味道不太好闻。但是送的赠品挺多的！好评
713,特别满意的一次购物
714,非常不错的一次购物
715,物流很给力，包装上没那么精致，上面都有划痕！
716,还可以吧，期待正品
717,之前有点小意外，多谢马塞尔耐心解释，现在问题都解释清楚了，下次还会光临，全五星。
718,不错哦。质量挺好的
719,二次购买了，应该是正品吧，
720,差差差，说好的存钱罐寄过来变成了一个摆件，问卖家说是随机的，我就呵呵了，当时为什么不说清楚，摆明就是欺骗消费者，我就呵呵了，就是一骗子
721,很好用，礼品也不错，很满意的一次购物
722,发货速度真快，?，还有很多赠品，谢谢了
723,价格很合适 性价比高
724,应该是正品吧？还行。
725,还不错，只是送的熊被我不小心弄坏了
726,感觉好超赞 正品
727,挺好用的，已经第二次买，下次还来
728,一直用沙宣，这次活动力度大！
729,假的 味道都不一样
730,家庭装。特别实惠
731,超值的洗护系列～卖家还赠送一个维尼摆件很可爱
732,味道不太好闻。但是送的赠品挺多的！好评
733,特别满意的一次购物
734,非常不错的一次购物
735,物流很给力，包装上没那么精致，上面都有划痕！
736,还可以吧，期待正品
737,之前有点小意外，多谢马塞尔耐心解释，现在问题都解释清楚了，下次还会光临，全五星。
738,不错哦。质量挺好的
739,二次购买了，应该是正品吧，
740,差差差，说好的存钱罐寄过来变成了一个摆件，问卖家说是随机的，我就呵呵了，当时为什么不说清楚，摆明就是欺骗消费者，我就呵呵了，就是一骗子
741,很好用，礼品也不错，很满意的一次购物
742,发货速度真快，?，还有很多赠品，谢谢了
743,价格很合适 性价比高
744,应该是正品吧？还行。
745,还不错，只是送的熊被我不小心弄坏了
746,感觉好超赞 正品
747,挺好用的，已经第二次买，下次还来
748,一直用沙宣，这次活动力度大！
749,假的 味道都不一样
750,家庭装。特别实惠
751,超值的洗护系列～卖家还赠送一个维尼摆件很可爱
752,味道不太好闻。但是送的赠品挺多的！好评
753,特别满意的一次购物
754,非常不错的一次购物
755,物流很给力，包装上没那么精致，上面都有划痕！
756,还可以吧，期待正品
757,之前有点小意外，多谢马塞尔耐心解释，现在问题都解释清楚了，下次还会光临，全五星。
758,不错哦。质量挺好的
759,二次购买了，应该是正品吧，
760,差差差，说好的存钱罐寄过来变成了一个摆件，问卖家说是随机的，我就呵呵了，当时为什么不说清楚，摆明就是欺骗消费者，我就呵呵了，就是一骗子
761,很好用，礼品也不错，很满意的一次购物
762,发货速度真快，?，还有很多赠品，谢谢了
763,价格很合适 性价比高
764,应该是正品吧？还行。
765,还不错，只是送的熊被我不小心弄坏了
766,感觉好超赞 正品
767,挺好用的，已经第二次买，下次还来
768,一直用沙宣，这次活动力度大！
769,假的 味道都不一样
770,家庭装。特别实惠
771,超值的洗护系列～卖家还赠送一个维尼摆件很可爱
772,味道不太好闻。但是送的赠品挺多的！好评
773,特别满意的一次购物
774,非常不错的一次购物
775,物流很给力，包装上没那么精致，上面都有划痕！
776,还可以吧，期待正品
777,之前有点小意外，多谢马塞尔耐心解释，现在问题都解释清楚了，下次还会光临，全五星。
778,不错哦。质量挺好的
779,二次购买了，应该是正品吧，
780,第二次买了，建议再优惠点！
781,洗了头皮会发痒，不确定真假
782,宝贝收到了，十分的喜欢，棒棒哒---?
783,给朋友订的，挺好的，我一直在用
784,好用正品好评
785,还没用  但是感觉挺超值的
786,很实惠的感觉！东西还没用！
787,很好，很香，很划算。
788,差评，包装旧的很不知道是不是退回来的
789,香味很纯正，很好，一直是我信赖的洗发水，谢谢卖家送我一瓶护发素。
790,很好 味道很好闻
791,正品用了挺好
792,包装很不好，用起来很稀，不像真的，跟客服联系，客服说洗头要每次要洗两次头一次听见这样的解释，无法理解，也无法给好评
793,感觉活动一次次一次贵。最初买的才88两大瓶750的
794,还不错吧，我还以为是大瓶装的，哎~
795,物流很快，第二天就寄到了，很划算，送的吹风机
796,喜欢这个香味，感觉挺满意的。
797,好东西，迫不及待的想要用啦！
798,还不错吧？自己没用，是寄回去的。
799,两套（500毫升洗发露加200毫升润发乳）加五小瓶润发乳
800,第二次买了，建议再优惠点！
801,洗了头皮会发痒，不确定真假
802,宝贝收到了，十分的喜欢，棒棒哒---?
803,给朋友订的，挺好的，我一直在用
804,好用正品好评
805,还没用  但是感觉挺超值的
806,很实惠的感觉！东西还没用！
807,很好，很香，很划算。
808,差评，包装旧的很不知道是不是退回来的
809,香味很纯正，很好，一直是我信赖的洗发水，谢谢卖家送我一瓶护发素。
810,很好 味道很好闻
811,正品用了挺好
812,包装很不好，用起来很稀，不像真的，跟客服联系，客服说洗头要每次要洗两次头一次听见这样的解释，无法理解，也无法给好评
813,感觉活动一次次一次贵。最初买的才88两大瓶750的
814,还不错吧，我还以为是大瓶装的，哎~
815,物流很快，第二天就寄到了，很划算，送的吹风机
816,喜欢这个香味，感觉挺满意的。
817,好东西，迫不及待的想要用啦！
818,还不错吧？自己没用，是寄回去的。
819,两套（500毫升洗发露加200毫升润发乳）加五小瓶润发乳
820,差差差，说好的存钱罐寄过来变成了一个摆件，问卖家说是随机的，我就呵呵了，当时为什么不说清楚，摆明就是欺骗消费者，我就呵呵了，就是一骗子
821,很好用，礼品也不错，很满意的一次购物
822,发货速度真快，?，还有很多赠品，谢谢了
823,价格很合适 性价比高
824,应该是正品吧？还行。
825,还不错，只是送的熊被我不小心弄坏了
826,感觉好超赞 正品
827,挺好用的，已经第二次买，下次还来
828,一直用沙宣，这次活动力度大！
829,假的 味道都不一样
830,家庭装。特别实惠
831,超值的洗护系列～卖家还赠送一个维尼摆件很可爱
832,味道不太好闻。但是送的赠品挺多的！好评
833,特别满意的一次购物
834,非常不错的一次购物
835,物流很给力，包装上没那么精致，上面都有划痕！
836,还可以吧，期待正品
837,之前有点小意外，多谢马塞尔耐心解释，现在问题都解释清楚了，下次还会光临，全五星。
838,不错哦。质量挺好的
839,二次购买了，应该是正品吧，
840,差差差，说好的存钱罐寄过来变成了一个摆件，问卖家说是随机的，我就呵呵了，当时为什么不说清楚，摆明就是欺骗消费者，我就呵呵了，就是一骗子
841,很好用，礼品也不错，很满意的一次购物
842,发货速度真快，?，还有很多赠品，谢谢了
843,价格很合适 性价比高
844,应该是正品吧？还行。
845,还不错，只是送的熊被我不小心弄坏了
846,感觉好超赞 正品
847,挺好用的，已经第二次买，下次还来
848,一直用沙宣，这次活动力度大！
849,假的 味道都不一样
850,家庭装。特别实惠
851,超值的洗护系列～卖家还赠送一个维尼摆件很可爱
852,味道不太好闻。但是送的赠品挺多的！好评
853,特别满意的一次购物
854,非常不错的一次购物
855,物流很给力，包装上没那么精致，上面都有划痕！
856,还可以吧，期待正品
857,之前有点小意外，多谢马塞尔耐心解释，现在问题都解释清楚了，下次还会光临，全五星。
858,不错哦。质量挺好的
859,二次购买了，应该是正品吧，
860,差差差，说好的存钱罐寄过来变成了一个摆件，问卖家说是随机的，我就呵呵了，当时为什么不说清楚，摆明就是欺骗消费者，我就呵呵了，就是一骗子
861,很好用，礼品也不错，很满意的一次购物
862,发货速度真快，?，还有很多赠品，谢谢了
863,价格很合适 性价比高
864,应该是正品吧？还行。
865,还不错，只是送的熊被我不小心弄坏了
866,感觉好超赞 正品
867,挺好用的，已经第二次买，下次还来
868,一直用沙宣，这次活动力度大！
869,假的 味道都不一样
870,家庭装。特别实惠
871,超值的洗护系列～卖家还赠送一个维尼摆件很可爱
872,味道不太好闻。但是送的赠品挺多的！好评
873,特别满意的一次购物
874,非常不错的一次购物
875,物流很给力，包装上没那么精致，上面都有划痕！
876,还可以吧，期待正品
877,之前有点小意外，多谢马塞尔耐心解释，现在问题都解释清楚了，下次还会光临，全五星。
878,不错哦。质量挺好的
879,二次购买了，应该是正品吧，
880,差差差，说好的存钱罐寄过来变成了一个摆件，问卖家说是随机的，我就呵呵了，当时为什么不说清楚，摆明就是欺骗消费者，我就呵呵了，就是一骗子
881,很好用，礼品也不错，很满意的一次购物
882,发货速度真快，?，还有很多赠品，谢谢了
883,价格很合适 性价比高
884,应该是正品吧？还行。
885,还不错，只是送的熊被我不小心弄坏了
886,感觉好超赞 正品
887,挺好用的，已经第二次买，下次还来
888,一直用沙宣，这次活动力度大！
889,假的 味道都不一样
890,家庭装。特别实惠
891,超值的洗护系列～卖家还赠送一个维尼摆件很可爱
892,味道不太好闻。但是送的赠品挺多的！好评
893,特别满意的一次购物
894,非常不错的一次购物
895,物流很给力，包装上没那么精致，上面都有划痕！
896,还可以吧，期待正品
897,之前有点小意外，多谢马塞尔耐心解释，现在问题都解释清楚了，下次还会光临，全五星。
898,不错哦。质量挺好的
899,二次购买了，应该是正品吧，
900,差差差，说好的存钱罐寄过来变成了一个摆件，问卖家说是随机的，我就呵呵了，当时为什么不说清楚，摆明就是欺骗消费者，我就呵呵了，就是一骗子
901,很好用，礼品也不错，很满意的一次购物
902,发货速度真快，?，还有很多赠品，谢谢了
903,价格很合适 性价比高
904,应该是正品吧？还行。
905,还不错，只是送的熊被我不小心弄坏了
906,感觉好超赞 正品
907,挺好用的，已经第二次买，下次还来
908,一直用沙宣，这次活动力度大！
909,假的 味道都不一样
910,家庭装。特别实惠
911,超值的洗护系列～卖家还赠送一个维尼摆件很可爱
912,味道不太好闻。但是送的赠品挺多的！好评
913,特别满意的一次购物
914,非常不错的一次购物
915,物流很给力，包装上没那么精致，上面都有划痕！
916,还可以吧，期待正品
917,之前有点小意外，多谢马塞尔耐心解释，现在问题都解释清楚了，下次还会光临，全五星。
918,不错哦。质量挺好的
919,二次购买了，应该是正品吧，
920,差差差，说好的存钱罐寄过来变成了一个摆件，问卖家说是随机的，我就呵呵了，当时为什么不说清楚，摆明就是欺骗消费者，我就呵呵了，就是一骗子
921,很好用，礼品也不错，很满意的一次购物
922,发货速度真快，?，还有很多赠品，谢谢了
923,价格很合适 性价比高
924,应该是正品吧？还行。
925,还不错，只是送的熊被我不小心弄坏了
926,感觉好超赞 正品
927,挺好用的，已经第二次买，下次还来
928,一直用沙宣，这次活动力度大！
929,假的 味道都不一样
930,家庭装。特别实惠
931,超值的洗护系列～卖家还赠送一个维尼摆件很可爱
932,味道不太好闻。但是送的赠品挺多的！好评
933,特别满意的一次购物
934,非常不错的一次购物
935,物流很给力，包装上没那么精致，上面都有划痕！
936,还可以吧，期待正品
937,之前有点小意外，多谢马塞尔耐心解释，现在问题都解释清楚了，下次还会光临，全五星。
938,不错哦。质量挺好的
939,二次购买了，应该是正品吧，
940,第二次买了，建议再优惠点！
941,洗了头皮会发痒，不确定真假
942,宝贝收到了，十分的喜欢，棒棒哒---?
943,给朋友订的，挺好的，我一直在用
944,好用正品好评
945,还没用  但是感觉挺超值的
946,很实惠的感觉！东西还没用！
947,很好，很香，很划算。
948,差评，包装旧的很不知道是不是退回来的
949,香味很纯正，很好，一直是我信赖的洗发水，谢谢卖家送我一瓶护发素。
950,很好 味道很好闻
951,正品用了挺好
952,包装很不好，用起来很稀，不像真的，跟客服联系，客服说洗头要每次要洗两次头一次听见这样的解释，无法理解，也无法给好评
953,感觉活动一次次一次贵。最初买的才88两大瓶750的
954,还不错吧，我还以为是大瓶装的，哎~
955,物流很快，第二天就寄到了，很划算，送的吹风机
956,喜欢这个香味，感觉挺满意的。
957,好东西，迫不及待的想要用啦！
958,还不错吧？自己没用，是寄回去的。
959,两套（500毫升洗发露加200毫升润发乳）加五小瓶润发乳
960,差差差，说好的存钱罐寄过来变成了一个摆件，问卖家说是随机的，我就呵呵了，当时为什么不说清楚，摆明就是欺骗消费者，我就呵呵了，就是一骗子
961,很好用，礼品也不错，很满意的一次购物
962,发货速度真快，?，还有很多赠品，谢谢了
963,价格很合适 性价比高
964,应该是正品吧？还行。
965,还不错，只是送的熊被我不小心弄坏了
966,感觉好超赞 正品
967,挺好用的，已经第二次买，下次还来
968,一直用沙宣，这次活动力度大！
969,假的 味道都不一样
970,家庭装。特别实惠
971,超值的洗护系列～卖家还赠送一个维尼摆件很可爱
972,味道不太好闻。但是送的赠品挺多的！好评
973,特别满意的一次购物
974,非常不错的一次购物
975,物流很给力，包装上没那么精致，上面都有划痕！
976,还可以吧，期待正品
977,之前有点小意外，多谢马塞尔耐心解释，现在问题都解释清楚了，下次还会光临，全五星。
978,不错哦。质量挺好的
979,二次购买了，应该是正品吧，
980,差差差，说好的存钱罐寄过来变成了一个摆件，问卖家说是随机的，我就呵呵了，当时为什么不说清楚，摆明就是欺骗消费者，我就呵呵了，就是一骗子
981,很好用，礼品也不错，很满意的一次购物
982,发货速度真快，?，还有很多赠品，谢谢了
983,价格很合适 性价比高
984,应该是正品吧？还行。
985,还不错，只是送的熊被我不小心弄坏了
986,感觉好超赞 正品
987,挺好用的，已经第二次买，下次还来
988,一直用沙宣，这次活动力度大！
989,假的 味道都不一样
990,家庭装。特别实惠
991,超值的洗护系列～卖家还赠送一个维尼摆件很可爱
992,味道不太好闻。但是送的赠品挺多的！好评
993,特别满意的一次购物
994,非常不错的一次购物
995,物流很给力，包装上没那么精致，上面都有划痕！
996,还可以吧，期待正品
997,之前有点小意外，多谢马塞尔耐心解释，现在问题都解释清楚了，下次还会光临，全五星。
998,不错哦。质量挺好的
999,二次购买了，应该是正品吧，
1000,差差差，说好的存钱罐寄过来变成了一个摆件，问卖家说是随机的，我就呵呵了，当时为什么不说清楚，摆明就是欺骗消费者，我就呵呵了，就是一骗子
1001,很好用，礼品也不错，很满意的一次购物
1002,发货速度真快，?，还有很多赠品，谢谢了
1003,价格很合适 性价比高
1004,应该是正品吧？还行。
1005,还不错，只是送的熊被我不小心弄坏了
1006,感觉好超赞 正品
1007,挺好用的，已经第二次买，下次还来
1008,一直用沙宣，这次活动力度大！
1009,假的 味道都不一样
1010,家庭装。特别实惠
1011,超值的洗护系列～卖家还赠送一个维尼摆件很可爱
1012,味道不太好闻。但是送的赠品挺多的！好评
1013,特别满意的一次购物
1014,非常不错的一次购物
1015,物流很给力，包装上没那么精致，上面都有划痕！
1016,还可以吧，期待正品
1017,之前有点小意外，多谢马塞尔耐心解释，现在问题都解释清楚了，下次还会光临，全五星。
1018,不错哦。质量挺好的
1019,二次购买了，应该是正品吧，
1020,差差差，说好的存钱罐寄过来变成了一个摆件，问卖家说是随机的，我就呵呵了，当时为什么不说清楚，摆明就是欺骗消费者，我就呵呵了，就是一骗子
1021,很好用，礼品也不错，很满意的一次购物
1022,发货速度真快，?，还有很多赠品，谢谢了
1023,价格很合适 性价比高
1024,应该是正品吧？还行。
1025,还不错，只是送的熊被我不小心弄坏了
1026,感觉好超赞 正品
1027,挺好用的，已经第二次买，下次还来
1028,一直用沙宣，这次活动力度大！
1029,假的 味道都不一样
1030,家庭装。特别实惠
1031,超值的洗护系列～卖家还赠送一个维尼摆件很可爱
1032,味道不太好闻。但是送的赠品挺多的！好评
1033,特别满意的一次购物
1034,非常不错的一次购物
1035,物流很给力，包装上没那么精致，上面都有划痕！
1036,还可以吧，期待正品
1037,之前有点小意外，多谢马塞尔耐心解释，现在问题都解释清楚了，下次还会光临，全五星。
1038,不错哦。质量挺好的
1039,二次购买了，应该是正品吧，
1040,第二次买了，建议再优惠点！
1041,洗了头皮会发痒，不确定真假
1042,宝贝收到了，十分的喜欢，棒棒哒---?
1043,给朋友订的，挺好的，我一直在用
1044,好用正品好评
1045,还没用  但是感觉挺超值的
1046,很实惠的感觉！东西还没用！
1047,很好，很香，很划算。
1048,差评，包装旧的很不知道是不是退回来的
1049,香味很纯正，很好，一直是我信赖的洗发水，谢谢卖家送我一瓶护发素。
1050,很好 味道很好闻
1051,正品用了挺好
1052,包装很不好，用起来很稀，不像真的，跟客服联系，客服说洗头要每次要洗两次头一次听见这样的解释，无法理解，也无法给好评
1053,感觉活动一次次一次贵。最初买的才88两大瓶750的
1054,还不错吧，我还以为是大瓶装的，哎~
1055,物流很快，第二天就寄到了，很划算，送的吹风机
1056,喜欢这个香味，感觉挺满意的。
1057,好东西，迫不及待的想要用啦！
1058,还不错吧？自己没用，是寄回去的。
1059,两套（500毫升洗发露加200毫升润发乳）加五小瓶润发乳
1060,差差差，说好的存钱罐寄过来变成了一个摆件，问卖家说是随机的，我就呵呵了，当时为什么不说清楚，摆明就是欺骗消费者，我就呵呵了，就是一骗子
1061,很好用，礼品也不错，很满意的一次购物
1062,发货速度真快，?，还有很多赠品，谢谢了
1063,价格很合适 性价比高
1064,应该是正品吧？还行。
1065,还不错，只是送的熊被我不小心弄坏了
1066,感觉好超赞 正品
1067,挺好用的，已经第二次买，下次还来
1068,一直用沙宣，这次活动力度大！
1069,假的 味道都不一样
1070,家庭装。特别实惠
1071,超值的洗护系列～卖家还赠送一个维尼摆件很可爱
1072,味道不太好闻。但是送的赠品挺多的！好评
1073,特别满意的一次购物
1074,非常不错的一次购物
1075,物流很给力，包装上没那么精致，上面都有划痕！
1076,还可以吧，期待正品
1077,之前有点小意外，多谢马塞尔耐心解释，现在问题都解释清楚了，下次还会光临，全五星。
1078,不错哦。质量挺好的
1079,二次购买了，应该是正品吧，
1080,差差差，说好的存钱罐寄过来变成了一个摆件，问卖家说是随机的，我就呵呵了，当时为什么不说清楚，摆明就是欺骗消费者，我就呵呵了，就是一骗子
1081,很好用，礼品也不错，很满意的一次购物
1082,发货速度真快，?，还有很多赠品，谢谢了
1083,价格很合适 性价比高
1084,应该是正品吧？还行。
1085,还不错，只是送的熊被我不小心弄坏了
1086,感觉好超赞 正品
1087,挺好用的，已经第二次买，下次还来
1088,一直用沙宣，这次活动力度大！
1089,假的 味道都不一样
1090,家庭装。特别实惠
1091,超值的洗护系列～卖家还赠送一个维尼摆件很可爱
1092,味道不太好闻。但是送的赠品挺多的！好评
1093,特别满意的一次购物
1094,非常不错的一次购物
1095,物流很给力，包装上没那么精致，上面都有划痕！
1096,还可以吧，期待正品
1097,之前有点小意外，多谢马塞尔耐心解释，现在问题都解释清楚了，下次还会光临，全五星。
1098,不错哦。质量挺好的
1099,二次购买了，应该是正品吧，
1100,差差差，说好的存钱罐寄过来变成了一个摆件，问卖家说是随机的，我就呵呵了，当时为什么不说清楚，摆明就是欺骗消费者，我就呵呵了，就是一骗子
1101,很好用，礼品也不错，很满意的一次购物
1102,发货速度真快，?，还有很多赠品，谢谢了
1103,价格很合适 性价比高
1104,应该是正品吧？还行。
1105,还不错，只是送的熊被我不小心弄坏了
1106,感觉好超赞 正品
1107,挺好用的，已经第二次买，下次还来
1108,一直用沙宣，这次活动力度大！
1109,假的 味道都不一样
1110,家庭装。特别实惠
1111,超值的洗护系列～卖家还赠送一个维尼摆件很可爱
1112,味道不太好闻。但是送的赠品挺多的！好评
1113,特别满意的一次购物
1114,非常不错的一次购物
1115,物流很给力，包装上没那么精致，上面都有划痕！
1116,还可以吧，期待正品
1117,之前有点小意外，多谢马塞尔耐心解释，现在问题都解释清楚了，下次还会光临，全五星。
1118,不错哦。质量挺好的
1119,二次购买了，应该是正品吧，
1120,差差差，说好的存钱罐寄过来变成了一个摆件，问卖家说是随机的，我就呵呵了，当时为什么不说清楚，摆明就是欺骗消费者，我就呵呵了，就是一骗子
1121,很好用，礼品也不错，很满意的一次购物
1122,发货速度真快，?，还有很多赠品，谢谢了
1123,价格很合适 性价比高
1124,应该是正品吧？还行。
1125,还不错，只是送的熊被我不小心弄坏了
1126,感觉好超赞 正品
1127,挺好用的，已经第二次买，下次还来
1128,一直用沙宣，这次活动力度大！
1129,假的 味道都不一样
1130,家庭装。特别实惠
1131,超值的洗护系列～卖家还赠送一个维尼摆件很可爱
1132,味道不太好闻。但是送的赠品挺多的！好评
1133,特别满意的一次购物
1134,非常不错的一次购物
1135,物流很给力，包装上没那么精致，上面都有划痕！
1136,还可以吧，期待正品
1137,之前有点小意外，多谢马塞尔耐心解释，现在问题都解释清楚了，下次还会光临，全五星。
1138,不错哦。质量挺好的
1139,二次购买了，应该是正品吧，
1140,差差差，说好的存钱罐寄过来变成了一个摆件，问卖家说是随机的，我就呵呵了，当时为什么不说清楚，摆明就是欺骗消费者，我就呵呵了，就是一骗子
1141,很好用，礼品也不错，很满意的一次购物
1142,发货速度真快，?，还有很多赠品，谢谢了
1143,价格很合适 性价比高
1144,应该是正品吧？还行。
1145,还不错，只是送的熊被我不小心弄坏了
1146,感觉好超赞 正品
1147,挺好用的，已经第二次买，下次还来
1148,一直用沙宣，这次活动力度大！
1149,假的 味道都不一样
1150,家庭装。特别实惠
1151,超值的洗护系列～卖家还赠送一个维尼摆件很可爱
1152,味道不太好闻。但是送的赠品挺多的！好评
1153,特别满意的一次购物
1154,非常不错的一次购物
1155,物流很给力，包装上没那么精致，上面都有划痕！
1156,还可以吧，期待正品
1157,之前有点小意外，多谢马塞尔耐心解释，现在问题都解释清楚了，下次还会光临，全五星。
1158,不错哦。质量挺好的
1159,二次购买了，应该是正品吧，
1160,差差差，说好的存钱罐寄过来变成了一个摆件，问卖家说是随机的，我就呵呵了，当时为什么不说清楚，摆明就是欺骗消费者，我就呵呵了，就是一骗子
1161,很好用，礼品也不错，很满意的一次购物
1162,发货速度真快，?，还有很多赠品，谢谢了
1163,价格很合适 性价比高
1164,应该是正品吧？还行。
1165,还不错，只是送的熊被我不小心弄坏了
1166,感觉好超赞 正品
1167,挺好用的，已经第二次买，下次还来
1168,一直用沙宣，这次活动力度大！
1169,假的 味道都不一样
1170,家庭装。特别实惠
1171,超值的洗护系列～卖家还赠送一个维尼摆件很可爱
1172,味道不太好闻。但是送的赠品挺多的！好评
1173,特别满意的一次购物
1174,非常不错的一次购物
1175,物流很给力，包装上没那么精致，上面都有划痕！
1176,还可以吧，期待正品
1177,之前有点小意外，多谢马塞尔耐心解释，现在问题都解释清楚了，下次还会光临，全五星。
1178,不错哦。质量挺好的
1179,二次购买了，应该是正品吧，
1180,差差差，说好的存钱罐寄过来变成了一个摆件，问卖家说是随机的，我就呵呵了，当时为什么不说清楚，摆明就是欺骗消费者，我就呵呵了，就是一骗子
1181,很好用，礼品也不错，很满意的一次购物
1182,发货速度真快，?，还有很多赠品，谢谢了
1183,价格很合适 性价比高
1184,应该是正品吧？还行。
1185,还不错，只是送的熊被我不小心弄坏了
1186,感觉好超赞 正品
1187,挺好用的，已经第二次买，下次还来
1188,一直用沙宣，这次活动力度大！
1189,假的 味道都不一样
1190,家庭装。特别实惠
1191,超值的洗护系列～卖家还赠送一个维尼摆件很可爱
1192,味道不太好闻。但是送的赠品挺多的！好评
1193,特别满意的一次购物
1194,非常不错的一次购物
1195,物流很给力，包装上没那么精致，上面都有划痕！
1196,还可以吧，期待正品
1197,之前有点小意外，多谢马塞尔耐心解释，现在问题都解释清楚了，下次还会光临，全五星。
1198,不错哦。质量挺好的
1199,二次购买了，应该是正品吧，
1200,第二次买了，建议再优惠点！
1201,洗了头皮会发痒，不确定真假
1202,宝贝收到了，十分的喜欢，棒棒哒---?
1203,给朋友订的，挺好的，我一直在用
1204,好用正品好评
1205,还没用  但是感觉挺超值的
1206,很实惠的感觉！东西还没用！
1207,很好，很香，很划算。
1208,差评，包装旧的很不知道是不是退回来的
1209,香味很纯正，很好，一直是我信赖的洗发水，谢谢卖家送我一瓶护发素。
1210,很好 味道很好闻
1211,正品用了挺好
1212,包装很不好，用起来很稀，不像真的，跟客服联系，客服说洗头要每次要洗两次头一次听见这样的解释，无法理解，也无法给好评
1213,感觉活动一次次一次贵。最初买的才88两大瓶750的
1214,还不错吧，我还以为是大瓶装的，哎~
1215,物流很快，第二天就寄到了，很划算，送的吹风机
1216,喜欢这个香味，感觉挺满意的。
1217,好东西，迫不及待的想要用啦！
1218,还不错吧？自己没用，是寄回去的。
1219,两套（500毫升洗发露加200毫升润发乳）加五小瓶润发乳
1220,差差差，说好的存钱罐寄过来变成了一个摆件，问卖家说是随机的，我就呵呵了，当时为什么不说清楚，摆明就是欺骗消费者，我就呵呵了，就是一骗子
1221,很好用，礼品也不错，很满意的一次购物
1222,发货速度真快，?，还有很多赠品，谢谢了
1223,价格很合适 性价比高
1224,应该是正品吧？还行。
1225,还不错，只是送的熊被我不小心弄坏了
1226,感觉好超赞 正品
1227,挺好用的，已经第二次买，下次还来
1228,一直用沙宣，这次活动力度大！
1229,假的 味道都不一样
1230,家庭装。特别实惠
1231,超值的洗护系列～卖家还赠送一个维尼摆件很可爱
1232,味道不太好闻。但是送的赠品挺多的！好评
1233,特别满意的一次购物
1234,非常不错的一次购物
1235,物流很给力，包装上没那么精致，上面都有划痕！
1236,还可以吧，期待正品
1237,之前有点小意外，多谢马塞尔耐心解释，现在问题都解释清楚了，下次还会光临，全五星。
1238,不错哦。质量挺好的
1239,二次购买了，应该是正品吧，
1240,差差差，说好的存钱罐寄过来变成了一个摆件，问卖家说是随机的，我就呵呵了，当时为什么不说清楚，摆明就是欺骗消费者，我就呵呵了，就是一骗子
1241,很好用，礼品也不错，很满意的一次购物
1242,发货速度真快，?，还有很多赠品，谢谢了
1243,价格很合适 性价比高
1244,应该是正品吧？还行。
1245,还不错，只是送的熊被我不小心弄坏了
1246,感觉好超赞 正品
1247,挺好用的，已经第二次买，下次还来
1248,一直用沙宣，这次活动力度大！
1249,假的 味道都不一样
1250,家庭装。特别实惠
1251,超值的洗护系列～卖家还赠送一个维尼摆件很可爱
1252,味道不太好闻。但是送的赠品挺多的！好评
1253,特别满意的一次购物
1254,非常不错的一次购物
1255,物流很给力，包装上没那么精致，上面都有划痕！
1256,还可以吧，期待正品
1257,之前有点小意外，多谢马塞尔耐心解释，现在问题都解释清楚了，下次还会光临，全五星。
1258,不错哦。质量挺好的
1259,二次购买了，应该是正品吧，
1260,差差差，说好的存钱罐寄过来变成了一个摆件，问卖家说是随机的，我就呵呵了，当时为什么不说清楚，摆明就是欺骗消费者，我就呵呵了，就是一骗子
1261,很好用，礼品也不错，很满意的一次购物
1262,发货速度真快，?，还有很多赠品，谢谢了
1263,价格很合适 性价比高
1264,应该是正品吧？还行。
1265,还不错，只是送的熊被我不小心弄坏了
1266,感觉好超赞 正品
1267,挺好用的，已经第二次买，下次还来
1268,一直用沙宣，这次活动力度大！
1269,假的 味道都不一样
1270,家庭装。特别实惠
1271,超值的洗护系列～卖家还赠送一个维尼摆件很可爱
1272,味道不太好闻。但是送的赠品挺多的！好评
1273,特别满意的一次购物
1274,非常不错的一次购物
1275,物流很给力，包装上没那么精致，上面都有划痕！
1276,还可以吧，期待正品
1277,之前有点小意外，多谢马塞尔耐心解释，现在问题都解释清楚了，下次还会光临，全五星。
1278,不错哦。质量挺好的
1279,二次购买了，应该是正品吧，
1280,差差差，说好的存钱罐寄过来变成了一个摆件，问卖家说是随机的，我就呵呵了，当时为什么不说清楚，摆明就是欺骗消费者，我就呵呵了，就是一骗子
1281,很好用，礼品也不错，很满意的一次购物
1282,发货速度真快，?，还有很多赠品，谢谢了
1283,价格很合适 性价比高
1284,应该是正品吧？还行。
1285,还不错，只是送的熊被我不小心弄坏了
1286,感觉好超赞 正品
1287,挺好用的，已经第二次买，下次还来
1288,一直用沙宣，这次活动力度大！
1289,假的 味道都不一样
1290,家庭装。特别实惠
1291,超值的洗护系列～卖家还赠送一个维尼摆件很可爱
1292,味道不太好闻。但是送的赠品挺多的！好评
1293,特别满意的一次购物
1294,非常不错的一次购物
1295,物流很给力，包装上没那么精致，上面都有划痕！
1296,还可以吧，期待正品
1297,之前有点小意外，多谢马塞尔耐心解释，现在问题都解释清楚了，下次还会光临，全五星。
1298,不错哦。质量挺好的
1299,二次购买了，应该是正品吧，
1300,第二次买了，建议再优惠点！
1301,洗了头皮会发痒，不确定真假
1302,宝贝收到了，十分的喜欢，棒棒哒---?
1303,给朋友订的，挺好的，我一直在用
1304,好用正品好评
1305,还没用  但是感觉挺超值的
1306,很实惠的感觉！东西还没用！
1307,很好，很香，很划算。
1308,差评，包装旧的很不知道是不是退回来的
1309,香味很纯正，很好，一直是我信赖的洗发水，谢谢卖家送我一瓶护发素。
1310,很好 味道很好闻
1311,正品用了挺好
1312,包装很不好，用起来很稀，不像真的，跟客服联系，客服说洗头要每次要洗两次头一次听见这样的解释，无法理解，也无法给好评
1313,感觉活动一次次一次贵。最初买的才88两大瓶750的
1314,还不错吧，我还以为是大瓶装的，哎~
1315,物流很快，第二天就寄到了，很划算，送的吹风机
1316,喜欢这个香味，感觉挺满意的。
1317,好东西，迫不及待的想要用啦！
1318,还不错吧？自己没用，是寄回去的。
1319,两套（500毫升洗发露加200毫升润发乳）加五小瓶润发乳
1320,差差差，说好的存钱罐寄过来变成了一个摆件，问卖家说是随机的，我就呵呵了，当时为什么不说清楚，摆明就是欺骗消费者，我就呵呵了，就是一骗子
1321,很好用，礼品也不错，很满意的一次购物
1322,发货速度真快，?，还有很多赠品，谢谢了
1323,价格很合适 性价比高
1324,应该是正品吧？还行。
1325,还不错，只是送的熊被我不小心弄坏了
1326,感觉好超赞 正品
1327,挺好用的，已经第二次买，下次还来
1328,一直用沙宣，这次活动力度大！
1329,假的 味道都不一样
1330,家庭装。特别实惠
1331,超值的洗护系列～卖家还赠送一个维尼摆件很可爱
1332,味道不太好闻。但是送的赠品挺多的！好评
1333,特别满意的一次购物
1334,非常不错的一次购物
1335,物流很给力，包装上没那么精致，上面都有划痕！
1336,还可以吧，期待正品
1337,之前有点小意外，多谢马塞尔耐心解释，现在问题都解释清楚了，下次还会光临，全五星。
1338,不错哦。质量挺好的
1339,二次购买了，应该是正品吧，
1340,差差差，说好的存钱罐寄过来变成了一个摆件，问卖家说是随机的，我就呵呵了，当时为什么不说清楚，摆明就是欺骗消费者，我就呵呵了，就是一骗子
1341,很好用，礼品也不错，很满意的一次购物
1342,发货速度真快，?，还有很多赠品，谢谢了
1343,价格很合适 性价比高
1344,应该是正品吧？还行。
1345,还不错，只是送的熊被我不小心弄坏了
1346,感觉好超赞 正品
1347,挺好用的，已经第二次买，下次还来
1348,一直用沙宣，这次活动力度大！
1349,假的 味道都不一样
1350,家庭装。特别实惠
1351,超值的洗护系列～卖家还赠送一个维尼摆件很可爱
1352,味道不太好闻。但是送的赠品挺多的！好评
1353,特别满意的一次购物
1354,非常不错的一次购物
1355,物流很给力，包装上没那么精致，上面都有划痕！
1356,还可以吧，期待正品
1357,之前有点小意外，多谢马塞尔耐心解释，现在问题都解释清楚了，下次还会光临，全五星。
1358,不错哦。质量挺好的
1359,二次购买了，应该是正品吧，
1360,差差差，说好的存钱罐寄过来变成了一个摆件，问卖家说是随机的，我就呵呵了，当时为什么不说清楚，摆明就是欺骗消费者，我就呵呵了，就是一骗子
1361,很好用，礼品也不错，很满意的一次购物
1362,发货速度真快，?，还有很多赠品，谢谢了
1363,价格很合适 性价比高
1364,应该是正品吧？还行。
1365,还不错，只是送的熊被我不小心弄坏了
1366,感觉好超赞 正品
1367,挺好用的，已经第二次买，下次还来
1368,一直用沙宣，这次活动力度大！
1369,假的 味道都不一样
1370,家庭装。特别实惠
1371,超值的洗护系列～卖家还赠送一个维尼摆件很可爱
1372,味道不太好闻。但是送的赠品挺多的！好评
1373,特别满意的一次购物
1374,非常不错的一次购物
1375,物流很给力，包装上没那么精致，上面都有划痕！
1376,还可以吧，期待正品
1377,之前有点小意外，多谢马塞尔耐心解释，现在问题都解释清楚了，下次还会光临，全五星。
1378,不错哦。质量挺好的
1379,二次购买了，应该是正品吧，
1380,差差差，说好的存钱罐寄过来变成了一个摆件，问卖家说是随机的，我就呵呵了，当时为什么不说清楚，摆明就是欺骗消费者，我就呵呵了，就是一骗子
1381,很好用，礼品也不错，很满意的一次购物
1382,发货速度真快，?，还有很多赠品，谢谢了
1383,价格很合适 性价比高
1384,应该是正品吧？还行。
1385,还不错，只是送的熊被我不小心弄坏了
1386,感觉好超赞 正品
1387,挺好用的，已经第二次买，下次还来
1388,一直用沙宣，这次活动力度大！
1389,假的 味道都不一样
1390,家庭装。特别实惠
1391,超值的洗护系列～卖家还赠送一个维尼摆件很可爱
1392,味道不太好闻。但是送的赠品挺多的！好评
1393,特别满意的一次购物
1394,非常不错的一次购物
1395,物流很给力，包装上没那么精致，上面都有划痕！
1396,还可以吧，期待正品
1397,之前有点小意外，多谢马塞尔耐心解释，现在问题都解释清楚了，下次还会光临，全五星。
1398,不错哦。质量挺好的
1399,二次购买了，应该是正品吧，
1400,差差差，说好的存钱罐寄过来变成了一个摆件，问卖家说是随机的，我就呵呵了，当时为什么不说清楚，摆明就是欺骗消费者，我就呵呵了，就是一骗子
1401,很好用，礼品也不错，很满意的一次购物
1402,发货速度真快，?，还有很多赠品，谢谢了
1403,价格很合适 性价比高
1404,应该是正品吧？还行。
1405,还不错，只是送的熊被我不小心弄坏了
1406,感觉好超赞 正品
1407,挺好用的，已经第二次买，下次还来
1408,一直用沙宣，这次活动力度大！
1409,假的 味道都不一样
1410,家庭装。特别实惠
1411,超值的洗护系列～卖家还赠送一个维尼摆件很可爱
1412,味道不太好闻。但是送的赠品挺多的！好评
1413,特别满意的一次购物
1414,非常不错的一次购物
1415,物流很给力，包装上没那么精致，上面都有划痕！
1416,还可以吧，期待正品
1417,之前有点小意外，多谢马塞尔耐心解释，现在问题都解释清楚了，下次还会光临，全五星。
1418,不错哦。质量挺好的
1419,二次购买了，应该是正品吧，
1420,差差差，说好的存钱罐寄过来变成了一个摆件，问卖家说是随机的，我就呵呵了，当时为什么不说清楚，摆明就是欺骗消费者，我就呵呵了，就是一骗子
1421,很好用，礼品也不错，很满意的一次购物
1422,发货速度真快，?，还有很多赠品，谢谢了
1423,价格很合适 性价比高
1424,应该是正品吧？还行。
1425,还不错，只是送的熊被我不小心弄坏了
1426,感觉好超赞 正品
1427,挺好用的，已经第二次买，下次还来
1428,一直用沙宣，这次活动力度大！
1429,假的 味道都不一样
1430,家庭装。特别实惠
1431,超值的洗护系列～卖家还赠送一个维尼摆件很可爱
1432,味道不太好闻。但是送的赠品挺多的！好评
1433,特别满意的一次购物
1434,非常不错的一次购物
1435,物流很给力，包装上没那么精致，上面都有划痕！
1436,还可以吧，期待正品
1437,之前有点小意外，多谢马塞尔耐心解释，现在问题都解释清楚了，下次还会光临，全五星。
1438,不错哦。质量挺好的
1439,二次购买了，应该是正品吧，
1440,差差差，说好的存钱罐寄过来变成了一个摆件，问卖家说是随机的，我就呵呵了，当时为什么不说清楚，摆明就是欺骗消费者，我就呵呵了，就是一骗子
1441,很好用，礼品也不错，很满意的一次购物
1442,发货速度真快，?，还有很多赠品，谢谢了
1443,价格很合适 性价比高
1444,应该是正品吧？还行。
1445,还不错，只是送的熊被我不小心弄坏了
1446,感觉好超赞 正品
1447,挺好用的，已经第二次买，下次还来
1448,一直用沙宣，这次活动力度大！
1449,假的 味道都不一样
1450,家庭装。特别实惠
1451,超值的洗护系列～卖家还赠送一个维尼摆件很可爱
1452,味道不太好闻。但是送的赠品挺多的！好评
1453,特别满意的一次购物
1454,非常不错的一次购物
1455,物流很给力，包装上没那么精致，上面都有划痕！
1456,还可以吧，期待正品
1457,之前有点小意外，多谢马塞尔耐心解释，现在问题都解释清楚了，下次还会光临，全五星。
1458,不错哦。质量挺好的
1459,二次购买了，应该是正品吧，
1460,差差差，说好的存钱罐寄过来变成了一个摆件，问卖家说是随机的，我就呵呵了，当时为什么不说清楚，摆明就是欺骗消费者，我就呵呵了，就是一骗子
1461,很好用，礼品也不错，很满意的一次购物
1462,发货速度真快，?，还有很多赠品，谢谢了
1463,价格很合适 性价比高
1464,应该是正品吧？还行。
1465,还不错，只是送的熊被我不小心弄坏了
1466,感觉好超赞 正品
1467,挺好用的，已经第二次买，下次还来
1468,一直用沙宣，这次活动力度大！
1469,假的 味道都不一样
1470,家庭装。特别实惠
1471,超值的洗护系列～卖家还赠送一个维尼摆件很可爱
1472,味道不太好闻。但是送的赠品挺多的！好评
1473,特别满意的一次购物
1474,非常不错的一次购物
1475,物流很给力，包装上没那么精致，上面都有划痕！
1476,还可以吧，期待正品
1477,之前有点小意外，多谢马塞尔耐心解释，现在问题都解释清楚了，下次还会光临，全五星。
1478,不错哦。质量挺好的
1479,二次购买了，应该是正品吧，
1480,差差差，说好的存钱罐寄过来变成了一个摆件，问卖家说是随机的，我就呵呵了，当时为什么不说清楚，摆明就是欺骗消费者，我就呵呵了，就是一骗子
1481,很好用，礼品也不错，很满意的一次购物
1482,发货速度真快，?，还有很多赠品，谢谢了
1483,价格很合适 性价比高
1484,应该是正品吧？还行。
1485,还不错，只是送的熊被我不小心弄坏了
1486,感觉好超赞 正品
1487,挺好用的，已经第二次买，下次还来
1488,一直用沙宣，这次活动力度大！
1489,假的 味道都不一样
1490,家庭装。特别实惠
1491,超值的洗护系列～卖家还赠送一个维尼摆件很可爱
1492,味道不太好闻。但是送的赠品挺多的！好评
1493,特别满意的一次购物
1494,非常不错的一次购物
1495,物流很给力，包装上没那么精致，上面都有划痕！
1496,还可以吧，期待正品
1497,之前有点小意外，多谢马塞尔耐心解释，现在问题都解释清楚了，下次还会光临，全五星。
1498,不错哦。质量挺好的
1499,二次购买了，应该是正品吧，
1500,第二次买了，建议再优惠点！
1501,洗了头皮会发痒，不确定真假
1502,宝贝收到了，十分的喜欢，棒棒哒---?
1503,给朋友订的，挺好的，我一直在用
1504,好用正品好评
1505,还没用  但是感觉挺超值的
1506,很实惠的感觉！东西还没用！
1507,很好，很香，很划算。
1508,差评，包装旧的很不知道是不是退回来的
1509,香味很纯正，很好，一直是我信赖的洗发水，谢谢卖家送我一瓶护发素。
1510,很好 味道很好闻
1511,正品用了挺好
1512,包装很不好，用起来很稀，不像真的，跟客服联系，客服说洗头要每次要洗两次头一次听见这样的解释，无法理解，也无法给好评
1513,感觉活动一次次一次贵。最初买的才88两大瓶750的
1514,还不错吧，我还以为是大瓶装的，哎~
1515,物流很快，第二天就寄到了，很划算，送的吹风机
1516,喜欢这个香味，感觉挺满意的。
1517,好东西，迫不及待的想要用啦！
1518,还不错吧？自己没用，是寄回去的。
1519,两套（500毫升洗发露加200毫升润发乳）加五小瓶润发乳
1520,差差差，说好的存钱罐寄过来变成了一个摆件，问卖家说是随机的，我就呵呵了，当时为什么不说清楚，摆明就是欺骗消费者，我就呵呵了，就是一骗子
1521,很好用，礼品也不错，很满意的一次购物
1522,发货速度真快，?，还有很多赠品，谢谢了
1523,价格很合适 性价比高
1524,应该是正品吧？还行。
1525,还不错，只是送的熊被我不小心弄坏了
1526,感觉好超赞 正品
1527,挺好用的，已经第二次买，下次还来
1528,一直用沙宣，这次活动力度大！
1529,假的 味道都不一样
1530,家庭装。特别实惠
1531,超值的洗护系列～卖家还赠送一个维尼摆件很可爱
1532,味道不太好闻。但是送的赠品挺多的！好评
1533,特别满意的一次购物
1534,非常不错的一次购物
1535,物流很给力，包装上没那么精致，上面都有划痕！
1536,还可以吧，期待正品
1537,之前有点小意外，多谢马塞尔耐心解释，现在问题都解释清楚了，下次还会光临，全五星。
1538,不错哦。质量挺好的
1539,二次购买了，应该是正品吧，
1540,差差差，说好的存钱罐寄过来变成了一个摆件，问卖家说是随机的，我就呵呵了，当时为什么不说清楚，摆明就是欺骗消费者，我就呵呵了，就是一骗子
1541,很好用，礼品也不错，很满意的一次购物
1542,发货速度真快，?，还有很多赠品，谢谢了
1543,价格很合适 性价比高
1544,应该是正品吧？还行。
1545,还不错，只是送的熊被我不小心弄坏了
1546,感觉好超赞 正品
1547,挺好用的，已经第二次买，下次还来
1548,一直用沙宣，这次活动力度大！
1549,假的 味道都不一样
1550,家庭装。特别实惠
1551,超值的洗护系列～卖家还赠送一个维尼摆件很可爱
1552,味道不太好闻。但是送的赠品挺多的！好评
1553,特别满意的一次购物
1554,非常不错的一次购物
1555,物流很给力，包装上没那么精致，上面都有划痕！
1556,还可以吧，期待正品
1557,之前有点小意外，多谢马塞尔耐心解释，现在问题都解释清楚了，下次还会光临，全五星。
1558,不错哦。质量挺好的
1559,二次购买了，应该是正品吧，
1560,差差差，说好的存钱罐寄过来变成了一个摆件，问卖家说是随机的，我就呵呵了，当时为什么不说清楚，摆明就是欺骗消费者，我就呵呵了，就是一骗子
1561,很好用，礼品也不错，很满意的一次购物
1562,发货速度真快，?，还有很多赠品，谢谢了
1563,价格很合适 性价比高
1564,应该是正品吧？还行。
1565,还不错，只是送的熊被我不小心弄坏了
1566,感觉好超赞 正品
1567,挺好用的，已经第二次买，下次还来
1568,一直用沙宣，这次活动力度大！
1569,假的 味道都不一样
1570,家庭装。特别实惠
1571,超值的洗护系列～卖家还赠送一个维尼摆件很可爱
1572,味道不太好闻。但是送的赠品挺多的！好评
1573,特别满意的一次购物
1574,非常不错的一次购物
1575,物流很给力，包装上没那么精致，上面都有划痕！
1576,还可以吧，期待正品
1577,之前有点小意外，多谢马塞尔耐心解释，现在问题都解释清楚了，下次还会光临，全五星。
1578,不错哦。质量挺好的
1579,二次购买了，应该是正品吧，
1580,差差差，说好的存钱罐寄过来变成了一个摆件，问卖家说是随机的，我就呵呵了，当时为什么不说清楚，摆明就是欺骗消费者，我就呵呵了，就是一骗子
1581,很好用，礼品也不错，很满意的一次购物
1582,发货速度真快，?，还有很多赠品，谢谢了
1583,价格很合适 性价比高
1584,应该是正品吧？还行。
1585,还不错，只是送的熊被我不小心弄坏了
1586,感觉好超赞 正品
1587,挺好用的，已经第二次买，下次还来
1588,一直用沙宣，这次活动力度大！
1589,假的 味道都不一样
1590,家庭装。特别实惠
1591,超值的洗护系列～卖家还赠送一个维尼摆件很可爱
1592,味道不太好闻。但是送的赠品挺多的！好评
1593,特别满意的一次购物
1594,非常不错的一次购物
1595,物流很给力，包装上没那么精致，上面都有划痕！
1596,还可以吧，期待正品
1597,之前有点小意外，多谢马塞尔耐心解释，现在问题都解释清楚了，下次还会光临，全五星。
1598,不错哦。质量挺好的
1599,二次购买了，应该是正品吧，
1600,差差差，说好的存钱罐寄过来变成了一个摆件，问卖家说是随机的，我就呵呵了，当时为什么不说清楚，摆明就是欺骗消费者，我就呵呵了，就是一骗子
1601,很好用，礼品也不错，很满意的一次购物
1602,发货速度真快，?，还有很多赠品，谢谢了
1603,价格很合适 性价比高
1604,应该是正品吧？还行。
1605,还不错，只是送的熊被我不小心弄坏了
1606,感觉好超赞 正品
1607,挺好用的，已经第二次买，下次还来
1608,一直用沙宣，这次活动力度大！
1609,假的 味道都不一样
1610,家庭装。特别实惠
1611,超值的洗护系列～卖家还赠送一个维尼摆件很可爱
1612,味道不太好闻。但是送的赠品挺多的！好评
1613,特别满意的一次购物
1614,非常不错的一次购物
1615,物流很给力，包装上没那么精致，上面都有划痕！
1616,还可以吧，期待正品
1617,之前有点小意外，多谢马塞尔耐心解释，现在问题都解释清楚了，下次还会光临，全五星。
1618,不错哦。质量挺好的
1619,二次购买了，应该是正品吧，
1620,差差差，说好的存钱罐寄过来变成了一个摆件，问卖家说是随机的，我就呵呵了，当时为什么不说清楚，摆明就是欺骗消费者，我就呵呵了，就是一骗子
1621,很好用，礼品也不错，很满意的一次购物
1622,发货速度真快，?，还有很多赠品，谢谢了
1623,价格很合适 性价比高
1624,应该是正品吧？还行。
1625,还不错，只是送的熊被我不小心弄坏了
1626,感觉好超赞 正品
1627,挺好用的，已经第二次买，下次还来
1628,一直用沙宣，这次活动力度大！
1629,假的 味道都不一样
1630,家庭装。特别实惠
1631,超值的洗护系列～卖家还赠送一个维尼摆件很可爱
1632,味道不太好闻。但是送的赠品挺多的！好评
1633,特别满意的一次购物
1634,非常不错的一次购物
1635,物流很给力，包装上没那么精致，上面都有划痕！
1636,还可以吧，期待正品
1637,之前有点小意外，多谢马塞尔耐心解释，现在问题都解释清楚了，下次还会光临，全五星。
1638,不错哦。质量挺好的
1639,二次购买了，应该是正品吧，
1640,差差差，说好的存钱罐寄过来变成了一个摆件，问卖家说是随机的，我就呵呵了，当时为什么不说清楚，摆明就是欺骗消费者，我就呵呵了，就是一骗子
1641,很好用，礼品也不错，很满意的一次购物
1642,发货速度真快，?，还有很多赠品，谢谢了
1643,价格很合适 性价比高
1644,应该是正品吧？还行。
1645,还不错，只是送的熊被我不小心弄坏了
1646,感觉好超赞 正品
1647,挺好用的，已经第二次买，下次还来
1648,一直用沙宣，这次活动力度大！
1649,假的 味道都不一样
1650,家庭装。特别实惠
1651,超值的洗护系列～卖家还赠送一个维尼摆件很可爱
1652,味道不太好闻。但是送的赠品挺多的！好评
1653,特别满意的一次购物
1654,非常不错的一次购物
1655,物流很给力，包装上没那么精致，上面都有划痕！
1656,还可以吧，期待正品
1657,之前有点小意外，多谢马塞尔耐心解释，现在问题都解释清楚了，下次还会光临，全五星。
1658,不错哦。质量挺好的
1659,二次购买了，应该是正品吧，
1660,差差差，说好的存钱罐寄过来变成了一个摆件，问卖家说是随机的，我就呵呵了，当时为什么不说清楚，摆明就是欺骗消费者，我就呵呵了，就是一骗子
1661,很好用，礼品也不错，很满意的一次购物
1662,发货速度真快，?，还有很多赠品，谢谢了
1663,价格很合适 性价比高
1664,应该是正品吧？还行。
1665,还不错，只是送的熊被我不小心弄坏了
1666,感觉好超赞 正品
1667,挺好用的，已经第二次买，下次还来
1668,一直用沙宣，这次活动力度大！
1669,假的 味道都不一样
1670,家庭装。特别实惠
1671,超值的洗护系列～卖家还赠送一个维尼摆件很可爱
1672,味道不太好闻。但是送的赠品挺多的！好评
1673,特别满意的一次购物
1674,非常不错的一次购物
1675,物流很给力，包装上没那么精致，上面都有划痕！
1676,还可以吧，期待正品
1677,之前有点小意外，多谢马塞尔耐心解释，现在问题都解释清楚了，下次还会光临，全五星。
1678,不错哦。质量挺好的
1679,二次购买了，应该是正品吧，
1680,差差差，说好的存钱罐寄过来变成了一个摆件，问卖家说是随机的，我就呵呵了，当时为什么不说清楚，摆明就是欺骗消费者，我就呵呵了，就是一骗子
1681,很好用，礼品也不错，很满意的一次购物
1682,发货速度真快，?，还有很多赠品，谢谢了
1683,价格很合适 性价比高
1684,应该是正品吧？还行。
1685,还不错，只是送的熊被我不小心弄坏了
1686,感觉好超赞 正品
1687,挺好用的，已经第二次买，下次还来
1688,一直用沙宣，这次活动力度大！
1689,假的 味道都不一样
1690,家庭装。特别实惠
1691,超值的洗护系列～卖家还赠送一个维尼摆件很可爱
1692,味道不太好闻。但是送的赠品挺多的！好评
1693,特别满意的一次购物
1694,非常不错的一次购物
1695,物流很给力，包装上没那么精致，上面都有划痕！
1696,还可以吧，期待正品
1697,之前有点小意外，多谢马塞尔耐心解释，现在问题都解释清楚了，下次还会光临，全五星。
1698,不错哦。质量挺好的
1699,二次购买了，应该是正品吧，
1700,差差差，说好的存钱罐寄过来变成了一个摆件，问卖家说是随机的，我就呵呵了，当时为什么不说清楚，摆明就是欺骗消费者，我就呵呵了，就是一骗子
1701,很好用，礼品也不错，很满意的一次购物
1702,发货速度真快，?，还有很多赠品，谢谢了
1703,价格很合适 性价比高
1704,应该是正品吧？还行。
1705,还不错，只是送的熊被我不小心弄坏了
1706,感觉好超赞 正品
1707,挺好用的，已经第二次买，下次还来
1708,一直用沙宣，这次活动力度大！
1709,假的 味道都不一样
1710,家庭装。特别实惠
1711,超值的洗护系列～卖家还赠送一个维尼摆件很可爱
1712,味道不太好闻。但是送的赠品挺多的！好评
1713,特别满意的一次购物
1714,非常不错的一次购物
1715,物流很给力，包装上没那么精致，上面都有划痕！
1716,还可以吧，期待正品
1717,之前有点小意外，多谢马塞尔耐心解释，现在问题都解释清楚了，下次还会光临，全五星。
1718,不错哦。质量挺好的
1719,二次购买了，应该是正品吧，
1720,差差差，说好的存钱罐寄过来变成了一个摆件，问卖家说是随机的，我就呵呵了，当时为什么不说清楚，摆明就是欺骗消费者，我就呵呵了，就是一骗子
1721,很好用，礼品也不错，很满意的一次购物
1722,发货速度真快，?，还有很多赠品，谢谢了
1723,价格很合适 性价比高
1724,应该是正品吧？还行。
1725,还不错，只是送的熊被我不小心弄坏了
1726,感觉好超赞 正品
1727,挺好用的，已经第二次买，下次还来
1728,一直用沙宣，这次活动力度大！
1729,假的 味道都不一样
1730,家庭装。特别实惠
1731,超值的洗护系列～卖家还赠送一个维尼摆件很可爱
1732,味道不太好闻。但是送的赠品挺多的！好评
1733,特别满意的一次购物
1734,非常不错的一次购物
1735,物流很给力，包装上没那么精致，上面都有划痕！
1736,还可以吧，期待正品
1737,之前有点小意外，多谢马塞尔耐心解释，现在问题都解释清楚了，下次还会光临，全五星。
1738,不错哦。质量挺好的
1739,二次购买了，应该是正品吧，
1740,差差差，说好的存钱罐寄过来变成了一个摆件，问卖家说是随机的，我就呵呵了，当时为什么不说清楚，摆明就是欺骗消费者，我就呵呵了，就是一骗子
1741,很好用，礼品也不错，很满意的一次购物
1742,发货速度真快，?，还有很多赠品，谢谢了
1743,价格很合适 性价比高
1744,应该是正品吧？还行。
1745,还不错，只是送的熊被我不小心弄坏了
1746,感觉好超赞 正品
1747,挺好用的，已经第二次买，下次还来
1748,一直用沙宣，这次活动力度大！
1749,假的 味道都不一样
1750,家庭装。特别实惠
1751,超值的洗护系列～卖家还赠送一个维尼摆件很可爱
1752,味道不太好闻。但是送的赠品挺多的！好评
1753,特别满意的一次购物
1754,非常不错的一次购物
1755,物流很给力，包装上没那么精致，上面都有划痕！
1756,还可以吧，期待正品
1757,之前有点小意外，多谢马塞尔耐心解释，现在问题都解释清楚了，下次还会光临，全五星。
1758,不错哦。质量挺好的
1759,二次购买了，应该是正品吧，
1760,差差差，说好的存钱罐寄过来变成了一个摆件，问卖家说是随机的，我就呵呵了，当时为什么不说清楚，摆明就是欺骗消费者，我就呵呵了，就是一骗子
1761,很好用，礼品也不错，很满意的一次购物
1762,发货速度真快，?，还有很多赠品，谢谢了
1763,价格很合适 性价比高
1764,应该是正品吧？还行。
1765,还不错，只是送的熊被我不小心弄坏了
1766,感觉好超赞 正品
1767,挺好用的，已经第二次买，下次还来
1768,一直用沙宣，这次活动力度大！
1769,假的 味道都不一样
1770,家庭装。特别实惠
1771,超值的洗护系列～卖家还赠送一个维尼摆件很可爱
1772,味道不太好闻。但是送的赠品挺多的！好评
1773,特别满意的一次购物
1774,非常不错的一次购物
1775,物流很给力，包装上没那么精致，上面都有划痕！
1776,还可以吧，期待正品
1777,之前有点小意外，多谢马塞尔耐心解释，现在问题都解释清楚了，下次还会光临，全五星。
1778,不错哦。质量挺好的
1779,二次购买了，应该是正品吧，
1780,差差差，说好的存钱罐寄过来变成了一个摆件，问卖家说是随机的，我就呵呵了，当时为什么不说清楚，摆明就是欺骗消费者，我就呵呵了，就是一骗子
1781,很好用，礼品也不错，很满意的一次购物
1782,发货速度真快，?，还有很多赠品，谢谢了
1783,价格很合适 性价比高
1784,应该是正品吧？还行。
1785,还不错，只是送的熊被我不小心弄坏了
1786,感觉好超赞 正品
1787,挺好用的，已经第二次买，下次还来
1788,一直用沙宣，这次活动力度大！
1789,假的 味道都不一样
1790,家庭装。特别实惠
1791,超值的洗护系列～卖家还赠送一个维尼摆件很可爱
1792,味道不太好闻。但是送的赠品挺多的！好评
1793,特别满意的一次购物
1794,非常不错的一次购物
1795,物流很给力，包装上没那么精致，上面都有划痕！
1796,还可以吧，期待正品
1797,之前有点小意外，多谢马塞尔耐心解释，现在问题都解释清楚了，下次还会光临，全五星。
1798,不错哦。质量挺好的
1799,二次购买了，应该是正品吧，
1800,差差差，说好的存钱罐寄过来变成了一个摆件，问卖家说是随机的，我就呵呵了，当时为什么不说清楚，摆明就是欺骗消费者，我就呵呵了，就是一骗子
1801,很好用，礼品也不错，很满意的一次购物
1802,发货速度真快，?，还有很多赠品，谢谢了
1803,价格很合适 性价比高
1804,应该是正品吧？还行。
1805,还不错，只是送的熊被我不小心弄坏了
1806,感觉好超赞 正品
1807,挺好用的，已经第二次买，下次还来
1808,一直用沙宣，这次活动力度大！
1809,假的 味道都不一样
1810,家庭装。特别实惠
1811,超值的洗护系列～卖家还赠送一个维尼摆件很可爱
1812,味道不太好闻。但是送的赠品挺多的！好评
1813,特别满意的一次购物
1814,非常不错的一次购物
1815,物流很给力，包装上没那么精致，上面都有划痕！
1816,还可以吧，期待正品
1817,之前有点小意外，多谢马塞尔耐心解释，现在问题都解释清楚了，下次还会光临，全五星。
1818,不错哦。质量挺好的
1819,二次购买了，应该是正品吧，
1820,差差差，说好的存钱罐寄过来变成了一个摆件，问卖家说是随机的，我就呵呵了，当时为什么不说清楚，摆明就是欺骗消费者，我就呵呵了，就是一骗子
1821,很好用，礼品也不错，很满意的一次购物
1822,发货速度真快，?，还有很多赠品，谢谢了
1823,价格很合适 性价比高
1824,应该是正品吧？还行。
1825,还不错，只是送的熊被我不小心弄坏了
1826,感觉好超赞 正品
1827,挺好用的，已经第二次买，下次还来
1828,一直用沙宣，这次活动力度大！
1829,假的 味道都不一样
1830,家庭装。特别实惠
1831,超值的洗护系列～卖家还赠送一个维尼摆件很可爱
1832,味道不太好闻。但是送的赠品挺多的！好评
1833,特别满意的一次购物
1834,非常不错的一次购物
1835,物流很给力，包装上没那么精致，上面都有划痕！
1836,还可以吧，期待正品
1837,之前有点小意外，多谢马塞尔耐心解释，现在问题都解释清楚了，下次还会光临，全五星。
1838,不错哦。质量挺好的
1839,二次购买了，应该是正品吧，
1840,差差差，说好的存钱罐寄过来变成了一个摆件，问卖家说是随机的，我就呵呵了，当时为什么不说清楚，摆明就是欺骗消费者，我就呵呵了，就是一骗子
1841,很好用，礼品也不错，很满意的一次购物
1842,发货速度真快，?，还有很多赠品，谢谢了
1843,价格很合适 性价比高
1844,应该是正品吧？还行。
1845,还不错，只是送的熊被我不小心弄坏了
1846,感觉好超赞 正品
1847,挺好用的，已经第二次买，下次还来
1848,一直用沙宣，这次活动力度大！
1849,假的 味道都不一样
1850,家庭装。特别实惠
1851,超值的洗护系列～卖家还赠送一个维尼摆件很可爱
1852,味道不太好闻。但是送的赠品挺多的！好评
1853,特别满意的一次购物
1854,非常不错的一次购物
1855,物流很给力，包装上没那么精致，上面都有划痕！
1856,还可以吧，期待正品
1857,之前有点小意外，多谢马塞尔耐心解释，现在问题都解释清楚了，下次还会光临，全五星。
1858,不错哦。质量挺好的
1859,二次购买了，应该是正品吧，
1860,差差差，说好的存钱罐寄过来变成了一个摆件，问卖家说是随机的，我就呵呵了，当时为什么不说清楚，摆明就是欺骗消费者，我就呵呵了，就是一骗子
1861,很好用，礼品也不错，很满意的一次购物
1862,发货速度真快，?，还有很多赠品，谢谢了
1863,价格很合适 性价比高
1864,应该是正品吧？还行。
1865,还不错，只是送的熊被我不小心弄坏了
1866,感觉好超赞 正品
1867,挺好用的，已经第二次买，下次还来
1868,一直用沙宣，这次活动力度大！
1869,假的 味道都不一样
1870,家庭装。特别实惠
1871,超值的洗护系列～卖家还赠送一个维尼摆件很可爱
1872,味道不太好闻。但是送的赠品挺多的！好评
1873,特别满意的一次购物
1874,非常不错的一次购物
1875,物流很给力，包装上没那么精致，上面都有划痕！
1876,还可以吧，期待正品
1877,之前有点小意外，多谢马塞尔耐心解释，现在问题都解释清楚了，下次还会光临，全五星。
1878,不错哦。质量挺好的
1879,二次购买了，应该是正品吧，
1880,差差差，说好的存钱罐寄过来变成了一个摆件，问卖家说是随机的，我就呵呵了，当时为什么不说清楚，摆明就是欺骗消费者，我就呵呵了，就是一骗子
1881,很好用，礼品也不错，很满意的一次购物
1882,发货速度真快，?，还有很多赠品，谢谢了
1883,价格很合适 性价比高
1884,应该是正品吧？还行。
1885,还不错，只是送的熊被我不小心弄坏了
1886,感觉好超赞 正品
1887,挺好用的，已经第二次买，下次还来
1888,一直用沙宣，这次活动力度大！
1889,假的 味道都不一样
1890,家庭装。特别实惠
1891,超值的洗护系列～卖家还赠送一个维尼摆件很可爱
1892,味道不太好闻。但是送的赠品挺多的！好评
1893,特别满意的一次购物
1894,非常不错的一次购物
1895,物流很给力，包装上没那么精致，上面都有划痕！
1896,还可以吧，期待正品
1897,之前有点小意外，多谢马塞尔耐心解释，现在问题都解释清楚了，下次还会光临，全五星。
1898,不错哦。质量挺好的
1899,二次购买了，应该是正品吧，
1900,差差差，说好的存钱罐寄过来变成了一个摆件，问卖家说是随机的，我就呵呵了，当时为什么不说清楚，摆明就是欺骗消费者，我就呵呵了，就是一骗子
1901,很好用，礼品也不错，很满意的一次购物
1902,发货速度真快，?，还有很多赠品，谢谢了
1903,价格很合适 性价比高
1904,应该是正品吧？还行。
1905,还不错，只是送的熊被我不小心弄坏了
1906,感觉好超赞 正品
1907,挺好用的，已经第二次买，下次还来
1908,一直用沙宣，这次活动力度大！
1909,假的 味道都不一样
1910,家庭装。特别实惠
1911,超值的洗护系列～卖家还赠送一个维尼摆件很可爱
1912,味道不太好闻。但是送的赠品挺多的！好评
1913,特别满意的一次购物
1914,非常不错的一次购物
1915,物流很给力，包装上没那么精致，上面都有划痕！
1916,还可以吧，期待正品
1917,之前有点小意外，多谢马塞尔耐心解释，现在问题都解释清楚了，下次还会光临，全五星。
1918,不错哦。质量挺好的
1919,二次购买了，应该是正品吧，
1920,第二次买了，建议再优惠点！
1921,洗了头皮会发痒，不确定真假
1922,宝贝收到了，十分的喜欢，棒棒哒---?
1923,给朋友订的，挺好的，我一直在用
1924,好用正品好评
1925,还没用  但是感觉挺超值的
1926,很实惠的感觉！东西还没用！
1927,很好，很香，很划算。
1928,差评，包装旧的很不知道是不是退回来的
1929,香味很纯正，很好，一直是我信赖的洗发水，谢谢卖家送我一瓶护发素。
1930,很好 味道很好闻
1931,正品用了挺好
1932,包装很不好，用起来很稀，不像真的，跟客服联系，客服说洗头要每次要洗两次头一次听见这样的解释，无法理解，也无法给好评
1933,感觉活动一次次一次贵。最初买的才88两大瓶750的
1934,还不错吧，我还以为是大瓶装的，哎~
1935,物流很快，第二天就寄到了，很划算，送的吹风机
1936,喜欢这个香味，感觉挺满意的。
1937,好东西，迫不及待的想要用啦！
1938,还不错吧？自己没用，是寄回去的。
1939,两套（500毫升洗发露加200毫升润发乳）加五小瓶润发乳
1940,第二次买了，建议再优惠点！
1941,洗了头皮会发痒，不确定真假
1942,宝贝收到了，十分的喜欢，棒棒哒---?
1943,给朋友订的，挺好的，我一直在用
1944,好用正品好评
1945,还没用  但是感觉挺超值的
1946,很实惠的感觉！东西还没用！
1947,很好，很香，很划算。
1948,差评，包装旧的很不知道是不是退回来的
1949,香味很纯正，很好，一直是我信赖的洗发水，谢谢卖家送我一瓶护发素。
1950,很好 味道很好闻
1951,正品用了挺好
1952,包装很不好，用起来很稀，不像真的，跟客服联系，客服说洗头要每次要洗两次头一次听见这样的解释，无法理解，也无法给好评
1953,感觉活动一次次一次贵。最初买的才88两大瓶750的
1954,还不错吧，我还以为是大瓶装的，哎~
1955,物流很快，第二天就寄到了，很划算，送的吹风机
1956,喜欢这个香味，感觉挺满意的。
1957,好东西，迫不及待的想要用啦！
1958,还不错吧？自己没用，是寄回去的。
1959,两套（500毫升洗发露加200毫升润发乳）加五小瓶润发乳
1960,差差差，说好的存钱罐寄过来变成了一个摆件，问卖家说是随机的，我就呵呵了，当时为什么不说清楚，摆明就是欺骗消费者，我就呵呵了，就是一骗子
1961,很好用，礼品也不错，很满意的一次购物
1962,发货速度真快，?，还有很多赠品，谢谢了
1963,价格很合适 性价比高
1964,应该是正品吧？还行。
1965,还不错，只是送的熊被我不小心弄坏了
1966,感觉好超赞 正品
1967,挺好用的，已经第二次买，下次还来
1968,一直用沙宣，这次活动力度大！
1969,假的 味道都不一样
1970,家庭装。特别实惠
1971,超值的洗护系列～卖家还赠送一个维尼摆件很可爱
1972,味道不太好闻。但是送的赠品挺多的！好评
1973,特别满意的一次购物
1974,非常不错的一次购物
1975,物流很给力，包装上没那么精致，上面都有划痕！
1976,还可以吧，期待正品
1977,之前有点小意外，多谢马塞尔耐心解释，现在问题都解释清楚了，下次还会光临，全五星。
1978,不错哦。质量挺好的
1979,二次购买了，应该是正品吧，
1980,第二次买了，建议再优惠点！
1981,洗了头皮会发痒，不确定真假
1982,宝贝收到了，十分的喜欢，棒棒哒---?
1983,给朋友订的，挺好的，我一直在用
1984,好用正品好评
1985,还没用  但是感觉挺超值的
1986,很实惠的感觉！东西还没用！
1987,很好，很香，很划算。
1988,差评，包装旧的很不知道是不是退回来的
1989,香味很纯正，很好，一直是我信赖的洗发水，谢谢卖家送我一瓶护发素。
1990,很好 味道很好闻
1991,正品用了挺好
1992,包装很不好，用起来很稀，不像真的，跟客服联系，客服说洗头要每次要洗两次头一次听见这样的解释，无法理解，也无法给好评
1993,感觉活动一次次一次贵。最初买的才88两大瓶750的
1994,还不错吧，我还以为是大瓶装的，哎~
1995,物流很快，第二天就寄到了，很划算，送的吹风机
1996,喜欢这个香味，感觉挺满意的。
1997,好东西，迫不及待的想要用啦！
1998,还不错吧？自己没用，是寄回去的。
1999,两套（500毫升洗发露加200毫升润发乳）加五小瓶润发乳
